identifier,category,information_element,modification_type,Follow the suggestions or not,Pull request is accepted or not,Reason for not following,Reason for not accepted
nodejs/node#47078c11,Description of implementation,Release notes,Add,0,1,Suggestion is posted after pull request closure,
tensorflow/tensorflow#54453c2,Description of implementation,Function summary,Add,1,1,,
nodejs/node#33922c1,Description of implementation,Function summary,Add,0,0,No explanation given,
nodejs/node#33922c1,Description of motivation,Motivation,Add,0,0,No explanation given,
tensorflow/tensorflow#28949c4,Description of implementation,Function summary,Update,0,0,No explanation given,
axios/axios#1915c1,Miscellaneous,Template content,Delete,0,0,No explanation given,
facebook/react#18029c4,Description of implementation,Technical details,Add,0,1,Resolved the problem in another location,
flutter/flutter#38568c3,Description of implementation,Effect,Update,1,1,,
flutter/flutter#119904c4,Description of problem,Related issue,Add,0,0,No explanation given,
flutter/flutter#11988c2,Description of implementation,Function summary,Update,1,1,,
electron/electron#13245c1,Description of implementation,Release notes,Add,1,1,,
nodejs/node#33317c2,Description of motivation,Motivation,Add,0,0,Resolved the problem in another location,
tensorflow/tensorflow#54788c2,Description of implementation,Technical details,Delete,1,1,,
facebook/react#19997c5,Description of implementation,Function summary,Add,1,0,,Feature is not needed
facebook/react#19997c5,Description of motivation,Motivation,Add,1,0,,Feature is not needed
flutter/flutter#32970c3,Description of implementation,Function summary,Add,0,0,No explanation given,
microsoft/vscode#122969c2,Description of problem,Problem statement,Add,1,1,,
flutter/flutter#18189c1,Description of implementation,Function summary,Update,0,1,No explanation given,
tensorflow/tensorflow#26358c1,Description of motivation,Motivation,Add,0,1,Resolved the problem in another location,
flutter/flutter#117540c2,Description of motivation,Motivation,Add,0,0,No explanation given,
nodejs/node#45693c4,Description of implementation,Trade-off,Add,1,1,,
tensorflow/tensorflow#54373c1,Description of implementation,Function summary,Add,0,0,No explanation given,
facebook/react-native#32164c3,Description of motivation,Motivation,Add,0,0,No explanation given,
nodejs/node#7130c2,Description of motivation,Motivation,Add,0,0,Resolved the problem in another location,
flutter/flutter#51435c4,Description of implementation,Trade-off,Add,1,1,,
golang/go#29460c21,Miscellaneous,Format change,Update,1,0,,Replaced by another pull request
electron/electron#27006c2,Description of implementation,Release notes,Add,1,1,,
tensorflow/tensorflow#40367c6,Description of problem,Problem statement,Add,1,1,,
tensorflow/tensorflow#31601c4,Description of motivation,Motivation,Add,0,1,Resolved the problem in another location,
tensorflow/tensorflow#53659c10,Description of implementation,Function summary,Update,0,0,No explanation given,
axios/axios#3581c2,Description of problem,Related issue,Add,1,1,,
facebook/react#2368c1,Description of quality,Test,Add,0,1,Difficult to modify,
flutter/flutter#122636c1,Description of motivation,Motivation,Add,0,1,Resolved the problem in another location,
tensorflow/tensorflow#33114c2,Description of implementation,Function summary,Update,1,1,,
facebook/react-native#22670c10,Description of implementation,Function summary,Update,0,1,No explanation given,
twbs/bootstrap#3669c1,Description of problem,Problem statement,Add,0,0,No explanation given,
twbs/bootstrap#24594c1,Description of implementation,Function summary,Add,0,0,No explanation given,
facebook/react#22999c2,Description of implementation,Function summary,Add,0,0,No explanation given,
facebook/react#22999c2,Description of motivation,Motivation,Add,0,0,No explanation given,
flutter/flutter#8914c7,Description of motivation,Motivation,Add,1,1,,
ytdl-org/youtube-dl#30366c4,Description of problem,Related issue,Add,1,1,,
tensorflow/tensorflow#30949c2,Description of quality,Test,Add,0,0,Resolved the problem in another location,
tensorflow/tensorflow#30949c2,Description of motivation,Motivation,Add,0,0,Resolved the problem in another location,
tensorflow/tensorflow#41981c12,Description of implementation,Function summary,Update,1,1,,
golang/go#24927c6,Miscellaneous,Template content,Delete,1,0,,Feature is not needed
electron/electron#29380c5,Description of implementation,Function summary,Update,0,1,Suggestion is posted after pull request closure,
golang/go#36920c5,Description of problem,Problem statement,Add,0,1,Resolved the problem in another location,
tensorflow/tensorflow#50408c1,Description of implementation,Function summary,Update,1,1,,
nodejs/node#46108c3,Description of problem,Problem statement,Add,0,1,Difficult to modify,
nodejs/node#15648c2,Description of motivation,Motivation,Update,1,0,,Feature is not needed
nodejs/node#29526c10,Description of motivation,Motivation,Add,1,0,,Incorrect or inappropriate change
tensorflow/tensorflow#56465c2,Description of implementation,Function summary,Update,1,1,,
tensorflow/tensorflow#56465c4,Description of implementation,Function summary,Update,1,1,,
flutter/flutter#20887c1,Description of implementation,Effect,Add,1,1,,
ytdl-org/youtube-dl#25734c5,Description of quality,Limitation,Update,1,0,,Feature is not needed
nodejs/node#45512c6,Description of motivation,Motivation,Add,0,0,Resolved the problem in another location,
tensorflow/tensorflow#56780c1,Description of motivation,Motivation,Add,1,0,,No response from developer
facebook/react-native#12682c1,Description of motivation,Motivation,Add,1,0,,No response from developer
facebook/react-native#12682c1,Description of quality,Test,Add,1,0,,No response from developer
vercel/next.js#28997c1,Description of quality,Checklist,Update,1,0,,Modification is made after pull request closure
microsoft/vscode#114669c1,Description of problem,Related issue,Add,1,1,,
ytdl-org/youtube-dl#31243c4,Description of problem,Related issue,Update,1,1,,
tensorflow/tensorflow#18433c2,Description of implementation,Function summary,Update,1,1,,
nodejs/node#46085c2,Description of implementation,Function summary,Update,1,1,,
facebook/react-native#19768c6,Description of implementation,Effect,Add,0,1,Resolved the problem in another location,
flutter/flutter#24265c2,Description of problem,Related issue,Update,1,0,,Incorrect or inappropriate change
tensorflow/tensorflow#27175c4,Description of implementation,Function summary,Add,0,0,No explanation given,
flutter/flutter#31812c1,Description of problem,Problem statement,Update,1,1,,
flutter/flutter#63610c4,Description of implementation,Effect,Add,1,1,,
tensorflow/tensorflow#52295c1,Description of implementation,Function summary,Add,1,1,,
tensorflow/tensorflow#52295c1,Description of motivation,Motivation,Add,1,1,,
facebook/react-native#16464c3,Miscellaneous,Format change,Update,1,1,,
tensorflow/tensorflow#39700c3,Description of implementation,Function summary,Add,0,0,No explanation given,
facebook/react-native#17583c5,Description of implementation,Function summary,Update,0,0,Suggestion is posted after pull request closure,
nodejs/node#44710c64,Description of implementation,Release notes,Add,1,1,,
flutter/flutter#103975c2,Description of motivation,Motivation,Update,0,0,No explanation given,
flutter/flutter#36757c5,Description of problem,Related issue,Add,0,0,Resolved the problem in another location,
flutter/flutter#50259c3,Description of implementation,Function summary,Add,0,0,No explanation given,
tensorflow/tensorflow#37514c1,Description of problem,Problem statement,Add,1,1,,
electron/electron#24054c1,Description of motivation,Motivation,Add,0,1,Resolved the problem in another location,
nodejs/node#17159c42,Description of motivation,Motivation,Add,0,1,Suggestion is posted after pull request closure,
vercel/next.js#19445c1,Description of implementation,Function summary,Add,0,0,No explanation given,
tensorflow/tensorflow#57537c1,Description of implementation,Technical details,Delete,1,1,,
electron/electron#14651c2,Description of implementation,Function summary,Add,1,0,,No response from developer
microsoft/vscode#161000c1,Description of motivation,Motivation,Add,0,0,No explanation given,
electron/electron#37341c4,Description of implementation,Release notes,Add,0,0,No explanation given,
nodejs/node#20745c12,Description of implementation,Function summary,Update,1,0,,No response from developer
nodejs/node#3933c2,Description of problem,Problem statement,Add,0,0,Resolved the problem in another location,
golang/go#39494c6,Description of problem,Related issue,Add,0,0,No explanation given,
flutter/flutter#44778c1,Description of motivation,Motivation,Add,1,1,,
tensorflow/tensorflow#27678c2,Description of motivation,Motivation,Add,0,1,Resolved the problem in another location,
facebook/react#22995c3,Description of implementation,Function summary,Add,0,0,No explanation given,
facebook/react#22995c3,Description of motivation,Motivation,Add,0,0,No explanation given,
axios/axios#2541c1,Description of implementation,Function summary,Add,1,0,,Feature is not needed
flutter/flutter#34870c2,Description of quality,Test,Add,1,1,,
twbs/bootstrap#17815c1,Description of implementation,Function summary,Add,0,1,Resolved the problem in another location,
flutter/flutter#85113c3,Description of motivation,Motivation,Add,1,0,,No response from developer
flutter/flutter#85113c3,Description of implementation,Function summary,Add,1,0,,No response from developer
flutter/flutter#85113c3,Description of problem,Related issue,Add,1,0,,No response from developer
flutter/flutter#85113c3,Description of quality,Test,Add,1,0,,No response from developer
vercel/next.js#22202c3,Description of motivation,Motivation,Add,1,0,,Feature is not needed
nodejs/node#2359c7,Description of implementation,Function summary,Add,0,1,Suggestion is incorrect,
nodejs/node#9483c22,Description of implementation,Function summary,Update,0,0,No explanation given,
tensorflow/tensorflow#55196c3,Description of implementation,Function summary,Add,1,1,,
electron/electron#19698c2,Miscellaneous,Template content,Add,1,1,,
axios/axios#4147c3,Description of problem,Related issue,Add,1,1,,
electron/electron#13944c6,Description of implementation,Release notes,Add,1,1,,
flutter/flutter#120739c1,Description of motivation,Motivation,Add,1,1,,
nodejs/node#47125c12,Description of implementation,Release notes,Add,0,1,Suggestion is posted after pull request closure,
tensorflow/tensorflow#55491c2,Description of implementation,Function summary,Update,0,1,No explanation given,
flutter/flutter#60558c2,Description of implementation,Function summary,Add,1,1,,
flutter/flutter#60558c2,Description of problem,Related issue,Add,1,1,,
facebook/react#15022c12,Description of implementation,Effect,Update,1,1,,
tensorflow/tensorflow#50756c13,Description of implementation,Function summary,Update,1,1,,
electron/electron#13284c1,Description of implementation,Function summary,Add,1,1,,
tensorflow/tensorflow#51470c1,Description of implementation,Function summary,Add,1,1,,
nodejs/node#38123c1,Description of problem,Related issue,Update,0,0,No explanation given,
vercel/next.js#40853c1,Description of problem,Related issue,Add,1,0,,Incorrect or inappropriate change
flutter/flutter#47389c1,Description of problem,Problem statement,Add,0,1,Resolved the problem in another location,
flutter/flutter#13299c2,Description of implementation,Technical details,Update,1,1,,
facebook/react-native#19489c21,Description of problem,Problem statement,Add,1,0,,Replaced by another pull request
flutter/flutter#51223c2,Description of implementation,Function summary,Add,0,0,No explanation given,
flutter/flutter#51223c3,Description of motivation,Motivation,Add,0,0,Resolved the problem in another location,
flutter/flutter#29901c1,Description of quality,Checklist,Update,0,0,No explanation given,
flutter/flutter#18369c17,Description of implementation,Function summary,Update,1,1,,
microsoft/vscode#5489c4,Description of implementation,Function summary,Update,0,1,Resolved the problem in another location,
facebook/react-native#15688c3,Description of problem,Problem statement,Add,1,1,,
microsoft/vscode#77274c1,Description of implementation,Function summary,Add,0,0,No explanation given,
golang/go#31994c3,Description of problem,Related issue,Add,0,0,No explanation given,
flutter/flutter#29090c4,Description of problem,Related issue,Add,0,0,Suggestion is posted after pull request closure,
flutter/flutter#29090c4,Description of implementation,Function summary,Add,0,0,Suggestion is posted after pull request closure,
flutter/flutter#29090c4,Description of quality,Test,Add,0,0,Suggestion is posted after pull request closure,
nodejs/node#4507c9,Description of motivation,Motivation,Add,0,1,No explanation given,
tensorflow/tensorflow#52012c4,Description of implementation,Function summary,Update,1,1,,
flutter/flutter#65150c1,Description of motivation,Motivation,Update,1,1,,
facebook/react-native#32435c6,Description of implementation,Category of pull request,Update,1,1,,
golang/go#31953c7,Description of problem,Related issue,Add,1,0,,Feature is not needed
vercel/next.js#44023c2,Description of implementation,Effect,Add,1,0,,Incorrect or inappropriate change
tensorflow/tensorflow#47258c4,Description of implementation,Effect,Add,1,1,,
flutter/flutter#66512c3,Description of problem,Related issue,Add,0,0,No explanation given,
flutter/flutter#66512c3,Description of quality,Test,Add,0,0,No explanation given,
facebook/react-native#28566c6,Description of quality,Test,Add,0,0,Difficult to modify,
flutter/flutter#44980c1,Description of motivation,Motivation,Add,1,1,,
flutter/flutter#44980c1,Description of quality,Checklist,Update,1,1,,
tensorflow/tensorflow#20430c4,Description of implementation,Function summary,Update,0,1,Suggestion is incorrect,
tensorflow/tensorflow#24293c35,Description of implementation,Function summary,Update,0,1,No explanation given,
electron/electron#11573c5,Description of problem,Problem statement,Add,0,0,Resolved the problem in another location,
tensorflow/tensorflow#29440c2,Description of motivation,Motivation,Add,1,1,,
flutter/flutter#82754c1,Description of problem,Related issue,Add,1,1,,
tensorflow/tensorflow#53259c5,Description of motivation,Motivation,Add,0,0,No explanation given,
facebook/react-native#10772c47,Description of implementation,Function summary,Update,0,0,Resolved the problem in another location,
nodejs/node#12797c2,Description of motivation,Motivation,Add,0,0,No explanation given,
electron/electron#26278c1,Description of implementation,Function summary,Add,0,0,No explanation given,
tensorflow/tensorflow#51235c3,Description of motivation,Motivation,Update,1,1,,
facebook/react-native#7625c17,Description of implementation,Function summary,Add,0,0,Suggestion is posted after pull request closure,
facebook/react-native#7625c17,Description of motivation,Motivation,Add,0,0,Suggestion is posted after pull request closure,
tensorflow/tensorflow#36969c7,Description of implementation,Effect,Add,0,0,No explanation given,
facebook/react#21641c2,Description of problem,Related issue,Update,1,1,,
flutter/flutter#64199c1,Description of problem,Related issue,Add,1,1,,
ytdl-org/youtube-dl#31953c1,Description of motivation,Motivation,Add,0,0,No explanation given,
flutter/flutter#28688c3,Description of problem,Related issue,Update,1,1,,
twbs/bootstrap#37311c1,Description of problem,Problem statement,Add,1,0,,Feature is not needed
golang/go#34030c21,Description of implementation,Function summary,Update,1,1,,
nodejs/node#30022c3,Description of problem,Related issue,Add,0,1,Resolved the problem in another location,
flutter/flutter#37652c4,Description of implementation,Trade-off,Add,1,1,,
flutter/flutter#121999c4,Description of implementation,Function summary,Update,1,0,,Feature is not needed
electron/electron#19427c1,Description of implementation,Function summary,Add,1,1,,
electron/electron#19427c1,Description of implementation,Release notes,Add,1,1,,
electron/electron#37514c1,Description of implementation,Release notes,Add,0,1,Suggestion is incorrect,
flutter/flutter#30983c4,Description of implementation,Function summary,Add,1,1,,
tensorflow/tensorflow#37936c1,Description of motivation,Motivation,Add,0,1,Resolved the problem in another location,
microsoft/vscode#66618c2,Description of implementation,Function summary,Add,1,1,,
nodejs/node#33189c36,Description of problem,Related issue,Add,1,0,,Replaced by another pull request
nodejs/node#16270c1,Description of motivation,Motivation,Add,1,1,,
nodejs/node#10859c1,Description of quality,Checklist,Update,1,1,,
facebook/react-native#13957c4,Description of implementation,Function summary,Update,0,1,No explanation given,
tensorflow/tensorflow#56869c4,Description of motivation,Motivation,Add,1,1,,
tensorflow/tensorflow#56869c4,Description of implementation,Function summary,Add,1,1,,
tensorflow/tensorflow#34052c1,Description of implementation,Function summary,Add,1,1,,
tensorflow/tensorflow#34052c1,Description of quality,Test,Add,1,1,,
tensorflow/tensorflow#34248c2,Description of quality,Test,Add,0,0,No explanation given,
flutter/flutter#32437c1,Description of motivation,Motivation,Add,1,1,,
flutter/flutter#115186c3,Description of problem,Related issue,Add,0,0,No explanation given,
flutter/flutter#93408c4,Description of motivation,Motivation,Add,1,1,,
flutter/flutter#93408c4,Description of problem,Related issue,Add,1,1,,
twbs/bootstrap#36532c1,Description of implementation,Function summary,Add,0,0,No explanation given,
axios/axios#3831c1,Description of implementation,Function summary,Add,1,0,,Feature is not needed
flutter/flutter#59103c1,Description of problem,Problem statement,Add,0,0,No explanation given,
facebook/react-native#13809c3,Description of motivation,Motivation,Add,0,0,No explanation given,
vercel/next.js#3724c2,Description of problem,Problem statement,Add,0,0,No explanation given,
flutter/flutter#57670c2,Description of implementation,Function summary,Update,1,1,,
tensorflow/tensorflow#30101c3,Description of implementation,Function summary,Update,1,1,,
tensorflow/tensorflow#30987c1,Description of motivation,Motivation,Update,0,1,Resolved the problem in another location,
flutter/flutter#57988c3,Description of quality,Test,Add,0,0,No explanation given,
facebook/react-native#9788c14,Description of quality,Test,Add,1,0,,No response from developer
flutter/flutter#121588c6,Description of implementation,Function summary,Add,1,0,,Replaced by another pull request
nodejs/node#14334c1,Miscellaneous,Format change,Update,0,1,No explanation given,
nodejs/node#11630c1,Description of problem,Problem statement,Add,1,0,,Feature is not needed
nodejs/node#31257c9,Description of implementation,Function summary,Update,1,1,,
facebook/react-native#20025c27,Description of problem,Problem statement,Add,0,1,No explanation given,
facebook/react-native#20025c27,Description of quality,Test,Add,0,1,No explanation given,
flutter/flutter#51335c2,Description of problem,Problem statement,Update,1,1,,
nodejs/node#46083c17,Description of motivation,Motivation,Add,0,1,Resolved the problem in another location,
tensorflow/tensorflow#56334c2,Description of implementation,Effect,Add,1,0,,Replaced by another pull request
electron/electron#16625c2,Description of implementation,Trade-off,Add,1,1,,
tensorflow/tensorflow#55379c1,Description of motivation,Motivation,Add,1,1,,
tensorflow/tensorflow#55379c1,Description of implementation,Function summary,Add,1,1,,
nodejs/node#16802c1,Description of quality,Checklist,Update,1,1,,
nodejs/node#7062c2,Miscellaneous,Format change,Update,1,1,,
nodejs/node#18170c1,Description of motivation,Motivation,Add,1,1,,
tensorflow/tensorflow#34480c4,Description of problem,Related issue,Add,0,0,No explanation given,
tensorflow/tensorflow#33638c1,Description of problem,Problem statement,Add,0,1,Resolved the problem in another location,
flutter/flutter#60640c5,Description of problem,Related issue,Add,1,1,,
flutter/flutter#35066c1,Description of implementation,Function summary,Add,1,1,,
flutter/flutter#43466c6,Description of implementation,Trade-off,Add,1,1,,
facebook/react#13596c3,Description of motivation,Motivation,Add,1,1,,
tensorflow/tensorflow#55655c5,Description of implementation,Effect,Delete,1,1,,
flutter/flutter#119035c1,Description of problem,Related issue,Add,1,1,,
flutter/flutter#34252c4,Description of implementation,Function summary,Update,1,1,,
twbs/bootstrap#25181c1,Description of implementation,Function summary,Add,0,0,No explanation given,
tensorflow/tensorflow#36285c2,Description of implementation,Function summary,Update,0,1,Resolved the problem in another location,
facebook/react-native#35608c7,Description of problem,Problem statement,Add,0,0,No explanation given,
facebook/react-native#35608c7,Description of implementation,Technical details,Add,0,0,No explanation given,
facebook/react-native#35608c7,Description of quality,Test,Add,0,0,No explanation given,
flutter/flutter#103092c1,Miscellaneous,Template content,Delete,1,1,,
facebook/react-native#21820c22,Description of motivation,Motivation,Add,1,0,,Feature is not needed
electron/electron#13808c2,Description of implementation,Function summary,Add,1,1,,
flutter/flutter#91990c1,Description of implementation,Function summary,Add,0,0,No explanation given,
flutter/flutter#81140c2,Description of motivation,Motivation,Add,0,0,No explanation given,
tensorflow/tensorflow#21132c2,Description of implementation,Function summary,Update,0,0,No explanation given,
facebook/react-native#12489c3,Description of quality,Test,Add,0,0,Resolved the problem in another location,
facebook/react-native#12489c3,Description of motivation,Motivation,Add,0,0,Resolved the problem in another location,
electron/electron#16276c3,Description of motivation,Motivation,Update,1,1,,
flutter/flutter#20840c3,Description of implementation,Effect,Add,0,1,No explanation given,
facebook/react-native#7220c9,Description of implementation,Effect,Add,1,1,,
flutter/flutter#120855c1,Description of implementation,Function summary,Update,0,0,No explanation given,
nodejs/node#22315c2,Description of motivation,Motivation,Add,1,1,,
flutter/flutter#27953c1,Description of implementation,Function summary,Add,1,1,,
golang/go#37386c2,Description of quality,Test,Update,1,0,,Feature is not needed
tensorflow/tensorflow#24327c2,Description of motivation,Motivation,Update,1,1,,
flutter/flutter#818c2,Description of motivation,Motivation,Add,0,1,Resolved the problem in another location,
facebook/react-native#11647c3,Description of motivation,Motivation,Add,0,0,No explanation given,
electron/electron#13505c1,Description of implementation,Function summary,Update,1,1,,
flutter/flutter#38643c1,Description of implementation,Function summary,Add,1,1,,
flutter/flutter#38643c1,Description of motivation,Motivation,Add,1,1,,
tensorflow/tensorflow#54505c1,Miscellaneous,Assignee,Delete,1,1,,
twbs/bootstrap#37356c1,Description of problem,Problem statement,Add,0,1,Resolved the problem in another location,
tensorflow/tensorflow#41296c2,Description of implementation,Function summary,Add,1,1,,
nodejs/node#45491c3,Description of implementation,Function summary,Update,0,0,No explanation given,
facebook/react#16104c6,Description of implementation,Function summary,Update,1,1,,
golang/go#38191c3,Description of implementation,Function summary,Update,1,1,,
flutter/flutter#27778c1,Description of motivation,Motivation,Update,0,0,No explanation given,
flutter/flutter#123216c3,Description of problem,Problem statement,Add,0,0,No explanation given,
flutter/flutter#123216c3,Description of implementation,Function summary,Add,0,0,No explanation given,
facebook/react-native#7344c13,Description of implementation,Function summary,Update,1,0,,Replaced by another pull request
flutter/flutter#34188c8,Description of implementation,Trade-off,Add,1,1,,
flutter/flutter#61609c2,Description of problem,Problem statement,Add,0,0,Resolved the problem in another location,
nodejs/node#31950c57,Description of implementation,Function summary,Update,1,1,,
axios/axios#5420c2,Description of problem,Related issue,Update,0,1,No explanation given,
tensorflow/tensorflow#32636c4,Description of implementation,Function summary,Add,0,0,No explanation given,
tensorflow/tensorflow#42023c2,Description of motivation,Motivation,Add,1,0,,Incorrect or inappropriate change
nodejs/node#17560c7,Description of implementation,Function summary,Add,0,1,No explanation given,
flutter/flutter#26847c4,Description of implementation,Function summary,Add,1,0,,No response from developer
facebook/react-native#14906c3,Description of implementation,Function summary,Add,1,0,,Feature is not needed
twbs/bootstrap#6342c90,Description of implementation,Function summary,Update,0,1,No explanation given,
electron/electron#15755c1,Description of motivation,Motivation,Add,0,0,Resolved the problem in another location,
tensorflow/tensorflow#56072c3,Description of problem,Problem statement,Update,1,1,,
microsoft/vscode#75052c1,Description of motivation,Motivation,Add,1,0,,No response from developer
flutter/flutter#26208c2,Description of motivation,Motivation,Add,1,0,,Replaced by another pull request
facebook/react-native#20293c2,Description of motivation,Motivation,Update,1,1,,
nodejs/node#15126c14,Description of motivation,Motivation,Update,0,0,No explanation given,
nodejs/node#10713c3,Description of implementation,Function summary,Add,1,1,,
nodejs/node#11020c1,Description of problem,Related issue,Add,1,1,,
electron/electron#26363c3,Description of problem,Related issue,Add,1,0,,Feature is not needed
tensorflow/tensorflow#53421c2,Description of motivation,Motivation,Add,0,1,Resolved the problem in another location,
golang/go#39474c5,Description of motivation,Motivation,Add,0,0,No explanation given,
nodejs/node#20075c4,Description of problem,Related issue,Add,1,1,,
flutter/flutter#100133c4,Description of problem,Problem statement,Add,0,0,No explanation given,
tensorflow/tensorflow#52040c1,Description of implementation,Effect,Update,1,1,,
tensorflow/tensorflow#26936c6,Description of implementation,Function summary,Add,1,1,,
facebook/react-native#12329c1,Description of implementation,Trade-off,Add,1,1,,
nodejs/node#29522c3,Description of problem,Related issue,Add,1,1,,
flutter/flutter#42100c7,Description of implementation,Trade-off,Add,1,1,,
tensorflow/tensorflow#31559c1,Description of implementation,Function summary,Add,0,1,No explanation given,
tensorflow/tensorflow#47154c3,Description of implementation,Effect,Add,1,1,,
nodejs/node#33155c7,Description of quality,Test,Add,0,1,No explanation given,
facebook/react-native#16500c7,Description of problem,Related issue,Update,1,1,,
nodejs/node#12972c2,Description of implementation,Function summary,Update,1,1,,
flutter/flutter#30414c2,Description of implementation,Trade-off,Add,1,1,,
flutter/flutter#99493c4,Description of problem,Related issue,Add,1,1,,
facebook/react#23001c3,Description of implementation,Function summary,Add,0,0,No explanation given,
facebook/react#23001c3,Description of motivation,Motivation,Add,0,0,No explanation given,
tensorflow/tensorflow#19423c1,Description of motivation,Motivation,Add,0,0,Difficult to modify,
facebook/react-native#33856c8,Miscellaneous,Language change,Update,0,0,No explanation given,
flutter/flutter#54919c6,Description of implementation,Function summary,Update,1,1,,
tensorflow/tensorflow#56483c3,Description of motivation,Motivation,Add,1,1,,
nodejs/node#9659c48,Description of problem,Problem statement,Add,1,0,,Replaced by another pull request
flutter/flutter#40204c1,Description of motivation,Motivation,Add,1,1,,
tensorflow/tensorflow#55665c2,Description of implementation,Function summary,Add,1,1,,
tensorflow/tensorflow#55665c2,Description of motivation,Motivation,Add,1,1,,
flutter/flutter#19569c3,Description of implementation,Function summary,Update,1,1,,
flutter/flutter#14610c4,Description of implementation,Function summary,Add,1,1,,
flutter/flutter#14610c9,Description of implementation,Function summary,Add,1,1,,
tensorflow/tensorflow#31238c1,Description of problem,Related issue,Add,1,1,,
facebook/react-native#24331c2,Description of implementation,Function summary,Add,1,0,,No response from developer
tensorflow/tensorflow#50962c1,Description of problem,Problem statement,Update,1,1,,
nodejs/node#10045c1,Miscellaneous,Template content,Add,0,0,No explanation given,
tensorflow/tensorflow#10388c2,Description of implementation,Effect,Add,0,0,No explanation given,
tensorflow/tensorflow#51469c1,Description of implementation,Function summary,Update,0,0,No explanation given,
tensorflow/tensorflow#43611c17,Description of implementation,Function summary,Update,1,0,,Replaced by another pull request
nodejs/node#6413c24,Description of problem,Related issue,Add,0,0,No explanation given,
flutter/flutter#51382c3,Description of problem,Problem statement,Add,1,0,,Incorrect or inappropriate change
twbs/bootstrap#38128c1,Description of problem,Related issue,Add,1,0,,Replaced by another pull request
flutter/flutter#37169c2,Description of implementation,Function summary,Update,0,0,No explanation given,
facebook/react-native#24347c2,Description of implementation,Function summary,Add,1,1,,
facebook/react-native#24347c2,Description of implementation,Release notes,Add,1,1,,
facebook/react#9147c2,Description of implementation,Function summary,Add,0,0,No explanation given,
facebook/react-native#4061c2,Description of motivation,Motivation,Add,0,1,No explanation given,
electron/electron#17121c5,Description of implementation,Trade-off,Add,1,1,,
electron/electron#33265c3,Description of implementation,Release notes,Add,1,1,,
facebook/react#23000c3,Description of implementation,Function summary,Add,0,0,No explanation given,
facebook/react#23000c3,Description of motivation,Motivation,Add,0,0,No explanation given,
flutter/flutter#74665c1,Description of implementation,Function summary,Add,1,1,,
facebook/react-native#23804c1,Miscellaneous,Format change,Update,1,1,,
nodejs/node#38575c14,Description of motivation,Motivation,Add,0,0,Resolved the problem in another location,
nodejs/node#19896c3,Description of implementation,Function summary,Add,0,0,No explanation given,
electron/electron#18133c2,Description of implementation,Function summary,Add,0,0,No explanation given,
electron/electron#18133c2,Description of quality,Checklist,Update,0,0,No explanation given,
electron/electron#18133c2,Description of implementation,Release notes,Add,0,0,No explanation given,
electron/electron#33288c1,Description of quality,Limitation,Add,1,1,,
flutter/flutter#19931c1,Description of implementation,Function summary,Update,1,1,,
electron/electron#14377c1,Description of motivation,Motivation,Add,1,1,,
tensorflow/tensorflow#1338c3,Miscellaneous,Language change,Update,0,0,No explanation given,
electron/electron#34804c3,Description of implementation,Release notes,Add,0,0,No explanation given,
facebook/react-native#10948c2,Description of quality,Test,Add,1,1,,
golang/go#36076c8,Description of problem,Problem statement,Update,1,1,,
tensorflow/tensorflow#23186c1,Description of motivation,Motivation,Add,0,0,Resolved the problem in another location,
flutter/flutter#79953c1,Description of problem,Related issue,Update,1,1,,
electron/electron#16363c2,Description of implementation,Function summary,Update,1,1,,
electron/electron#16363c2,Description of quality,Checklist,Update,1,1,,
electron/electron#16363c2,Description of implementation,Release notes,Add,1,1,,
tensorflow/tensorflow#57091c2,Description of implementation,Function summary,Update,1,1,,
flutter/flutter#46034c3,Description of quality,Test,Add,1,0,,Replaced by another pull request
flutter/flutter#46034c3,Description of problem,Related issue,Add,1,0,,Replaced by another pull request
tensorflow/tensorflow#57639c2,Description of implementation,Effect,Update,1,1,,
flutter/flutter#44471c6,Description of quality,Test,Add,0,1,Resolved the problem in another location,
facebook/react-native#19169c4,Description of quality,Test,Add,1,1,,
facebook/react-native#19169c4,Description of implementation,Release notes,Add,1,1,,
flutter/flutter#116536c1,Description of problem,Related issue,Add,0,1,Suggestion is incorrect,
electron/electron#14906c7,Miscellaneous,Template content,Add,1,1,,
tensorflow/tensorflow#13343c3,Description of motivation,Motivation,Add,0,0,No explanation given,
flutter/flutter#111710c2,Description of implementation,Function summary,Add,0,0,No explanation given,
tensorflow/tensorflow#37304c1,Description of implementation,Function summary,Add,1,1,,
vercel/next.js#16215c3,Description of implementation,Function summary,Add,1,1,,
electron/electron#7365c2,Description of motivation,Motivation,Add,0,0,No explanation given,
flutter/flutter#121483c4,Description of implementation,Function summary,Update,1,1,,
tensorflow/tensorflow#53848c13,Description of implementation,Effect,Update,1,1,,
nodejs/node#9978c1,Miscellaneous,Template content,Add,1,1,,
flutter/flutter#38325c1,Description of implementation,Technical details,Update,1,1,,
flutter/flutter#107335c4,Description of implementation,Function summary,Add,1,1,,
microsoft/vscode#79960c2,Description of motivation,Motivation,Add,0,1,Resolved the problem in another location,
microsoft/vscode#79960c2,Description of implementation,Function summary,Add,0,1,Resolved the problem in another location,
microsoft/vscode#79960c2,Description of quality,Test,Add,0,1,Resolved the problem in another location,
flutter/flutter#39124c2,Description of problem,Related issue,Add,0,1,Resolved the problem in another location,
nodejs/node#36178c1,Description of problem,Related issue,Add,1,1,,
nodejs/node#8896c1,Description of implementation,Function summary,Update,1,1,,
flutter/flutter#44843c2,Description of motivation,Motivation,Add,1,1,,
nodejs/node#32438c2,Description of implementation,Function summary,Add,1,1,,
tensorflow/tensorflow#17277c1,Description of implementation,Function summary,Update,0,1,Suggestion is posted after pull request closure,
tensorflow/tensorflow#51475c4,Description of implementation,Function summary,Update,1,1,,
tensorflow/tensorflow#51475c4,Description of quality,Test,Update,1,1,,
flutter/flutter#26438c4,Description of motivation,Motivation,Add,1,1,,
flutter/flutter#26438c4,Description of implementation,Technical details,Add,1,1,,
nodejs/node#41749c16,Description of problem,Related issue,Add,0,1,No explanation given,
flutter/flutter#34015c2,Description of implementation,Function summary,Add,0,0,Resolved the problem in another location,
facebook/react-native#11117c7,Description of motivation,Motivation,Add,0,0,Resolved the problem in another location,
facebook/react-native#11117c7,Description of implementation,Trade-off,Add,0,0,Resolved the problem in another location,
facebook/react-native#11117c7,Description of quality,Test,Add,0,0,Resolved the problem in another location,
tensorflow/tensorflow#36324c1,Description of problem,Problem statement,Add,1,1,,
facebook/react#3523c2,Miscellaneous,Language change,Update,0,0,No explanation given,
nodejs/node#23695c3,Description of problem,Related issue,Add,1,1,,
tensorflow/tensorflow#30890c1,Description of implementation,Function summary,Update,1,1,,
nodejs/node#1660c34,Description of implementation,Function summary,Add,0,1,Resolved the problem in another location,
flutter/flutter#41480c1,Description of motivation,Motivation,Add,1,1,,
nodejs/node#4682c74,Description of implementation,Function summary,Update,0,1,Resolved the problem in another location,
nodejs/node#47233c16,Description of implementation,Release notes,Add,0,1,Suggestion is posted after pull request closure,
flutter/flutter#32952c2,Description of implementation,Function summary,Add,0,0,No explanation given,
facebook/react-native#10112c3,Description of motivation,Motivation,Update,1,1,,
facebook/react-native#33682c6,Description of problem,Problem statement,Update,0,0,No explanation given,
nodejs/node#47339c2,Description of implementation,Release notes,Add,0,1,No explanation given,
flutter/flutter#87801c1,Description of implementation,Technical details,Add,1,1,,
tensorflow/tensorflow#55332c5,Description of implementation,Function summary,Add,1,1,,
facebook/react-native#15252c6,Description of motivation,Motivation,Add,0,0,No explanation given,
tensorflow/tensorflow#50884c8,Description of implementation,Function summary,Add,1,0,,No response from developer
flutter/flutter#27345c5,Description of quality,Test,Update,1,0,,Replaced by another pull request
facebook/react-native#12369c2,Description of quality,Test,Add,0,0,No explanation given,
facebook/react-native#12369c2,Description of motivation,Motivation,Add,0,0,No explanation given,
tensorflow/tensorflow#43545c2,Description of implementation,Technical details,Update,1,1,,
nodejs/node#32131c3,Description of problem,Related issue,Add,1,1,,
electron/electron#12954c1,Description of implementation,Function summary,Add,1,1,,
electron/electron#12954c1,Description of motivation,Motivation,Add,1,1,,
microsoft/vscode#53931c1,Description of implementation,Function summary,Update,1,1,,
flutter/flutter#102856c1,Description of motivation,Motivation,Add,0,1,Resolved the problem in another location,
kubernetes/kubernetes#77463c4,Description of implementation,Trade-off,Add,0,0,No explanation given,
kubernetes/kubernetes#104832c3,Description of problem,Problem statement,Add,1,1,,
kubernetes/kubernetes#104832c5,Description of implementation,Trade-off,Update,0,1,Suggestion is incorrect,
kubernetes/kubernetes#104832c10,Description of implementation,Function summary,Update,1,1,,
kubernetes/kubernetes#32363c8,Description of implementation,Trade-off,Add,0,1,Suggestion is posted after pull request closure,
kubernetes/kubernetes#29240c10,Description of implementation,Function summary,Add,0,1,No explanation given,
kubernetes/kubernetes#29240c10,Description of motivation,Motivation,Add,0,1,No explanation given,
kubernetes/kubernetes#88041c8,Description of implementation,Release notes,Update,0,0,No explanation given,
kubernetes/kubernetes#49457c14,Description of problem,Related issue,Add,1,1,,
kubernetes/kubernetes#96834c9,Description of problem,Related issue,Update,1,1,,
kubernetes/kubernetes#60959c3,Description of problem,Problem statement,Add,1,1,,
kubernetes/kubernetes#86139c80,Description of implementation,Effect,Add,1,1,,
kubernetes/kubernetes#13901c8,Description of problem,Related issue,Update,0,0,No explanation given,
kubernetes/kubernetes#53449c3,Description of motivation,Motivation,Add,0,1,Resolved the problem in another location,
kubernetes/kubernetes#22355c1,Description of problem,Problem statement,Add,0,1,No explanation given,
kubernetes/kubernetes#113556c4,Description of implementation,Release notes,Add,1,0,,Replaced by another pull request
kubernetes/kubernetes#33080c23,Description of implementation,Release notes,Add,1,1,,
kubernetes/kubernetes#112950c9,Description of implementation,Release notes,Add,1,1,,
kubernetes/kubernetes#99424c6,Description of implementation,Release notes,Add,1,0,,Replaced by another pull request
kubernetes/kubernetes#40312c7,Description of implementation,Release notes,Add,1,1,,
kubernetes/kubernetes#95069c9,Description of implementation,Release notes,Update,1,1,,
kubernetes/kubernetes#55172c7,Description of implementation,Release notes,Update,1,1,,
kubernetes/kubernetes#6195c5,Description of problem,Related issue,Add,0,0,No explanation given,
kubernetes/kubernetes#98829c8,Description of implementation,Function summary,Add,1,1,,
kubernetes/kubernetes#98829c9,Description of problem,Related issue,Update,1,1,,
kubernetes/kubernetes#98772c6,Description of implementation,Function summary,Add,0,0,No explanation given,
kubernetes/kubernetes#109111c61,Description of problem,Related issue,Add,1,1,,
kubernetes/kubernetes#53328c21,Description of implementation,Function summary,Update,1,1,,
kubernetes/kubernetes#112373c5,Description of problem,Related issue,Update,1,1,,
kubernetes/kubernetes#113232c6,Description of motivation,Motivation,Add,1,0,,No response from developer
kubernetes/kubernetes#39656c5,Miscellaneous,Follow-up work,Add,0,1,No explanation given,
kubernetes/kubernetes#102901c1,Description of problem,Related issue,Update,1,1,,
kubernetes/kubernetes#56911c4,Description of problem,Related issue,Add,1,1,,
kubernetes/kubernetes#102147c31,Description of problem,Related issue,Add,1,1,,
kubernetes/kubernetes#105347c3,Description of motivation,Motivation,Add,1,1,,
kubernetes/kubernetes#105347c3,Description of implementation,Release notes,Add,1,1,,
kubernetes/kubernetes#94125c20,Description of implementation,Release notes,Add,0,1,Suggestion is incorrect,
kubernetes/kubernetes#96806c10,Description of implementation,Release notes,Update,1,1,,
kubernetes/kubernetes#10753c7,Description of problem,Related issue,Add,0,1,Suggestion is incorrect,
kubernetes/kubernetes#69209c8,Description of implementation,Release notes,Add,1,1,,
kubernetes/kubernetes#112988c3,Description of implementation,Function summary,Update,0,1,No explanation given,
kubernetes/kubernetes#99999c6,Description of implementation,Release notes,Add,0,1,No explanation given,
kubernetes/kubernetes#71922c7,Miscellaneous,Format change,Update,1,1,,
kubernetes/kubernetes#115453c7,Description of quality,Test,Add,1,1,,
kubernetes/kubernetes#41410c2,Description of motivation,Motivation,Add,1,1,,
kubernetes/kubernetes#102158c10,Description of problem,Related issue,Add,1,1,,
kubernetes/kubernetes#31652c16,Description of implementation,Effect,Add,1,1,,
kubernetes/kubernetes#77623c2,Description of implementation,Function summary,Update,1,1,,
kubernetes/kubernetes#32351c16,Description of implementation,Trade-off,Add,1,1,,
kubernetes/kubernetes#15645c2,Description of motivation,Motivation,Add,0,1,No explanation given,
kubernetes/kubernetes#115019c13,Description of problem,Related issue,Add,1,1,,
kubernetes/kubernetes#52616c26,Description of problem,Problem statement,Update,0,0,Resolved the problem in another location,
kubernetes/kubernetes#115149c25,Description of implementation,Release notes,Add,1,1,,
kubernetes/kubernetes#45492c7,Description of problem,Problem statement,Update,0,1,Resolved the problem in another location,
kubernetes/kubernetes#40674c6,Description of implementation,Function summary,Add,1,0,,No response from developer
kubernetes/kubernetes#39852c17,Description of implementation,Release notes,Add,1,1,,
kubernetes/kubernetes#40206c3,Description of problem,Related issue,Update,1,1,,
kubernetes/kubernetes#90365c8,Description of implementation,Release notes,Add,1,1,,
kubernetes/kubernetes#36245c9,Description of implementation,Release notes,Add,0,1,No explanation given,
kubernetes/kubernetes#96656c7,Description of motivation,Motivation,Add,1,0,,No response from developer
kubernetes/kubernetes#53031c26,Description of motivation,Motivation,Add,1,1,,
kubernetes/kubernetes#111339c26,Description of implementation,Function summary,Update,1,1,,
kubernetes/kubernetes#111339c30,Description of motivation,Motivation,Add,1,1,,
kubernetes/kubernetes#78280c7,Description of problem,Related issue,Add,0,1,Suggestion is incorrect,
kubernetes/kubernetes#110191c13,Description of problem,Related issue,Update,1,1,,
kubernetes/kubernetes#45952c3,Description of implementation,Release notes,Add,1,1,,
kubernetes/kubernetes#107028c6,Description of implementation,Release notes,Add,0,0,No explanation given,
kubernetes/kubernetes#47421c6,Description of implementation,Release notes,Add,0,0,No explanation given,
kubernetes/kubernetes#116968c17,Description of implementation,Function summary,Update,1,1,,
kubernetes/kubernetes#98096c5,Description of implementation,Release notes,Update,1,1,,
kubernetes/kubernetes#32378c6,Description of implementation,Trade-off,Add,0,1,Suggestion is posted after pull request closure,
kubernetes/kubernetes#112914c13,Description of implementation,Release notes,Update,1,1,,
kubernetes/kubernetes#73323c2,Miscellaneous,Format change,Update,1,1,,
kubernetes/kubernetes#73323c5,Description of implementation,Function summary,Update,1,1,,
kubernetes/kubernetes#42576c5,Description of implementation,Release notes,Add,1,0,,No response from developer
kubernetes/kubernetes#63413c16,Description of implementation,Technical details,Add,0,0,Resolved the problem in another location,
kubernetes/kubernetes#36603c12,Description of problem,Related issue,Add,1,1,,
kubernetes/kubernetes#63453c4,Description of implementation,Function summary,Add,1,1,,
kubernetes/kubernetes#63453c4,Description of motivation,Motivation,Add,1,1,,
kubernetes/kubernetes#23267c2,Description of implementation,Function summary,Add,0,0,No explanation given,
kubernetes/kubernetes#47436c19,Description of problem,Related issue,Add,0,0,Suggestion is incorrect,
kubernetes/kubernetes#98311c11,Description of implementation,Function summary,Update,1,1,,
kubernetes/kubernetes#108410c9,Miscellaneous,Format change,Update,1,1,,
kubernetes/kubernetes#103508c8,Description of problem,Related issue,Update,1,1,,
kubernetes/kubernetes#6959c2,Description of motivation,Motivation,Add,0,1,Resolved the problem in another location,
kubernetes/kubernetes#2142c11,Description of implementation,Function summary,Update,0,1,Resolved the problem in another location,
kubernetes/kubernetes#54355c3,Description of implementation,Function summary,Update,1,0,,No response from developer
kubernetes/kubernetes#32194c4,Description of implementation,Trade-off,Add,0,1,Suggestion is posted after pull request closure,
kubernetes/kubernetes#98847c19,Description of implementation,Release notes,Add,1,1,,
kubernetes/kubernetes#115318c5,Description of problem,Related issue,Add,1,0,,Replaced by another pull request
kubernetes/kubernetes#113160c3,Description of implementation,Release notes,Update,1,1,,
kubernetes/kubernetes#93702c4,Miscellaneous,Format change,Update,1,1,,
kubernetes/kubernetes#93702c4,Description of implementation,Release notes,Update,1,1,,
kubernetes/kubernetes#113503c3,Description of motivation,Motivation,Add,1,1,,
kubernetes/kubernetes#77314c7,Description of problem,Problem statement,Add,0,1,Resolved the problem in another location,
kubernetes/kubernetes#22772c6,Description of problem,Related issue,Add,0,1,No explanation given,
kubernetes/kubernetes#36050c16,Description of implementation,Release notes,Add,1,1,,
kubernetes/kubernetes#88866c1,Description of problem,Related issue,Add,1,0,,Replaced by another pull request
kubernetes/kubernetes#110747c14,Description of implementation,Release notes,Add,0,1,Suggestion is incorrect,
kubernetes/kubernetes#43545c2,Description of implementation,Release notes,Add,1,1,,
kubernetes/kubernetes#99519c7,Description of implementation,Release notes,Add,1,1,,
kubernetes/kubernetes#115749c2,Description of implementation,Release notes,Update,1,1,,
kubernetes/kubernetes#83498c3,Description of problem,Related issue,Update,1,1,,
kubernetes/kubernetes#110294c38,Description of implementation,Release notes,Update,1,1,,
kubernetes/kubernetes#32182c9,Description of implementation,Trade-off,Add,0,1,Suggestion is posted after pull request closure,
kubernetes/kubernetes#87863c7,Description of problem,Related issue,Add,1,0,,No response from developer
kubernetes/kubernetes#32515c6,Description of implementation,Trade-off,Add,0,1,Suggestion is posted after pull request closure,
kubernetes/kubernetes#113916c16,Description of implementation,Release notes,Add,0,1,No explanation given,
kubernetes/kubernetes#54215c11,Description of implementation,Release notes,Add,1,1,,
kubernetes/kubernetes#35805c42,Description of implementation,Release notes,Add,1,1,,
kubernetes/kubernetes#42546c13,Description of problem,Related issue,Add,0,0,No explanation given,
kubernetes/kubernetes#4780c8,Description of implementation,Function summary,Update,0,1,No explanation given,
kubernetes/kubernetes#57578c5,Description of implementation,Release notes,Update,1,0,,No response from developer
kubernetes/kubernetes#32275c5,Description of implementation,Trade-off,Add,1,1,,
kubernetes/kubernetes#73202c3,Description of implementation,Function summary,Add,1,1,,
kubernetes/kubernetes#104101c5,Description of implementation,Release notes,Add,0,0,No explanation given,
kubernetes/kubernetes#115363c4,Description of implementation,Release notes,Add,1,1,,
kubernetes/kubernetes#23756c23,Description of implementation,Function summary,Update,0,1,Resolved the problem in another location,
kubernetes/kubernetes#110937c5,Description of motivation,Motivation,Add,0,0,No explanation given,
kubernetes/kubernetes#110937c5,Description of problem,Related issue,Add,0,0,No explanation given,
kubernetes/kubernetes#115471c6,Description of implementation,Release notes,Add,1,0,,Incorrect or inappropriate change
kubernetes/kubernetes#49142c4,Description of problem,Related issue,Add,1,1,,
kubernetes/kubernetes#105935c13,Description of implementation,Release notes,Add,1,0,,Incorrect or inappropriate change
kubernetes/kubernetes#101960c34,Description of problem,Related issue,Add,0,1,No explanation given,
kubernetes/kubernetes#61592c3,Description of problem,Related issue,Add,1,0,,Replaced by another pull request
kubernetes/kubernetes#47579c7,Description of problem,Related issue,Update,0,1,Suggestion is incorrect,
kubernetes/kubernetes#54144c7,Description of implementation,Release notes,Add,0,0,Suggestion is posted after pull request closure,
kubernetes/kubernetes#98262c6,Description of implementation,Release notes,Add,1,0,,No response from developer
kubernetes/kubernetes#77751c2,Description of problem,Related issue,Update,1,1,,
kubernetes/kubernetes#115399c13,Description of motivation,Motivation,Add,1,1,,
kubernetes/kubernetes#111634c13,Description of problem,Related issue,Update,0,1,Resolved the problem in another location,
kubernetes/kubernetes#35806c3,Description of implementation,Release notes,Add,1,1,,
kubernetes/kubernetes#36492c9,Description of problem,Related issue,Add,1,1,,
kubernetes/kubernetes#55728c2,Description of implementation,Release notes,Add,1,1,,
kubernetes/kubernetes#110193c8,Description of problem,Related issue,Update,1,0,,No response from developer
kubernetes/kubernetes#106553c7,Description of implementation,Release notes,Add,1,1,,
kubernetes/kubernetes#82100c3,Description of implementation,Category of pull request,Update,0,1,No explanation given,
kubernetes/kubernetes#102275c10,Description of problem,Related issue,Update,1,0,,Incorrect or inappropriate change
kubernetes/kubernetes#44950c4,Description of implementation,Release notes,Add,1,1,,
kubernetes/kubernetes#55026c11,Description of implementation,Function summary,Update,1,1,,
kubernetes/kubernetes#89870c9,Description of implementation,Release notes,Add,1,1,,
kubernetes/kubernetes#31828c19,Description of implementation,Trade-off,Add,0,1,Suggestion is posted after pull request closure,
kubernetes/kubernetes#29284c3,Description of motivation,Motivation,Add,0,1,No explanation given,
kubernetes/kubernetes#67403c4,Description of implementation,Release notes,Add,1,0,,Replaced by another pull request
kubernetes/kubernetes#69878c6,Description of implementation,Function summary,Update,1,1,,
kubernetes/kubernetes#99195c9,Description of implementation,Function summary,Update,1,1,,
kubernetes/kubernetes#85412c9,Description of implementation,Release notes,Add,1,1,,
kubernetes/kubernetes#89251c3,Description of implementation,Release notes,Add,1,0,,Incorrect or inappropriate change
kubernetes/kubernetes#111620c8,Description of implementation,Release notes,Add,0,1,Suggestion is incorrect,
kubernetes/kubernetes#64930c2,Description of implementation,Release notes,Add,1,0,,Incorrect or inappropriate change
kubernetes/kubernetes#46743c5,Description of problem,Related issue,Add,1,1,,
kubernetes/kubernetes#55218c4,Description of implementation,Effect,Add,0,1,Resolved the problem in another location,
kubernetes/kubernetes#51660c12,Description of problem,Related issue,Add,1,1,,
kubernetes/kubernetes#75547c6,Description of problem,Related issue,Add,1,1,,
kubernetes/kubernetes#84335c3,Description of implementation,Function summary,Update,1,1,,
kubernetes/kubernetes#87455c9,Description of problem,Related issue,Update,1,1,,
kubernetes/kubernetes#105159c6,Description of problem,Related issue,Add,1,1,,
kubernetes/kubernetes#34700c4,Description of implementation,Effect,Add,0,0,No explanation given,
kubernetes/kubernetes#100540c11,Description of problem,Problem statement,Add,0,1,No explanation given,
kubernetes/kubernetes#102354c58,Description of implementation,Release notes,Add,1,1,,
kubernetes/kubernetes#61130c6,Description of problem,Related issue,Add,1,0,,Replaced by another pull request
kubernetes/kubernetes#8740c7,Description of implementation,Release notes,Add,0,1,No explanation given,
kubernetes/kubernetes#91145c3,Description of implementation,Release notes,Update,1,1,,
kubernetes/kubernetes#113422c4,Description of implementation,Release notes,Add,1,1,,
kubernetes/kubernetes#80024c5,Description of implementation,Release notes,Add,1,1,,
kubernetes/kubernetes#80176c19,Description of implementation,Release notes,Add,1,1,,
kubernetes/kubernetes#96828c20,Description of implementation,Function summary,Update,1,1,,
kubernetes/kubernetes#88615c6,Description of motivation,Motivation,Add,0,0,No explanation given,
kubernetes/kubernetes#57262c3,Description of implementation,Release notes,Add,0,0,No explanation given,
kubernetes/kubernetes#113161c8,Description of implementation,Release notes,Update,0,0,No explanation given,
kubernetes/kubernetes#96907c11,Description of problem,Related issue,Update,1,1,,
kubernetes/kubernetes#89883c6,Description of implementation,Release notes,Add,1,0,,No response from developer
kubernetes/kubernetes#57194c4,Description of problem,Related issue,Add,1,1,,
kubernetes/kubernetes#67778c1,Description of implementation,Release notes,Add,1,1,,
