identifier,close_time,merged,edited,repo,repo_age,repo_commits,experience,open_tasks,pull_lines,pull_desc_len
nodejs/node#47078,875003,1,0,nodejs/node,5140,38439,43,417,15,293
tensorflow/tensorflow#54453,5701941,1,1,tensorflow/tensorflow,2296,125660,11,191,187,37
nodejs/node#33922,36799,0,0,nodejs/node,4140,30801,0,350,290,350
nodejs/node#33922,36799,0,0,nodejs/node,4140,30801,0,350,290,350
tensorflow/tensorflow#28949,154432,0,0,tensorflow/tensorflow,1293,58331,0,326,2367,20
axios/axios#1915,5071002,0,0,axios/axios,1572,834,0,90,28,125
facebook/react#18029,529544,1,0,facebook/react,2451,12808,459,99,26,229
flutter/flutter#38568,778655,1,1,flutter/flutter,1757,15275,285,135,224,337
flutter/flutter#119904,5151372,0,0,flutter/flutter,3025,33185,0,196,12,4
flutter/flutter#11988,1056928,1,1,flutter/flutter,1051,9009,117,24,63,28
electron/electron#13245,333803,1,1,electron/electron,1919,19216,68,47,150,0
nodejs/node#33317,29030211,0,0,nodejs/node,4100,30440,136,315,122764,350
tensorflow/tensorflow#54788,1228775,1,1,tensorflow/tensorflow,2307,126054,48,290,22,370
facebook/react#19997,63922994,0,1,facebook/react,2692,13618,1,118,718,190
facebook/react#19997,63922994,0,1,facebook/react,2692,13618,1,118,718,190
flutter/flutter#32970,108398,0,0,flutter/flutter,1668,14217,1,107,2,473
microsoft/vscode#122969,6527763,1,1,microsoft/vscode,2000,81476,0,211,119,78
flutter/flutter#18189,63449,1,0,flutter/flutter,1321,11053,491,57,50,5
tensorflow/tensorflow#26358,552340,1,0,tensorflow/tensorflow,1215,50973,75,327,4,5
flutter/flutter#117540,1054708,0,0,flutter/flutter,2982,32628,0,193,1812,328
nodejs/node#45693,531077,1,1,nodejs/node,5036,37698,20,382,73359,4182
tensorflow/tensorflow#54373,20689355,0,0,tensorflow/tensorflow,2292,125363,30,181,38,0
facebook/react-native#32164,1257967,0,0,facebook/react-native,2413,23154,0,318,285,149
nodejs/node#7130,37097,0,0,nodejs/node,2665,14122,0,234,6,0
flutter/flutter#51435,162812,1,1,flutter/flutter,1952,17725,79,117,15,479
golang/go#29460,93471526,0,1,golang/go,16965,39091,1,76,35,47
electron/electron#27006,67983,1,1,electron/electron,2834,24463,0,93,2,195
tensorflow/tensorflow#40367,1114948,1,1,tensorflow/tensorflow,1678,87942,49,200,4,19
tensorflow/tensorflow#31601,13552006,1,0,tensorflow/tensorflow,1377,65204,11,243,15,4
tensorflow/tensorflow#53659,12022790,0,0,tensorflow/tensorflow,2252,123563,24,170,496,196
axios/axios#3581,31186985,1,1,axios/axios,2349,979,0,77,38,176
facebook/react#2368,63473,1,0,facebook/react,506,2975,267,104,2,27
flutter/flutter#122636,83,1,0,flutter/flutter,3065,33802,9,204,417,4
tensorflow/tensorflow#33114,1839750,1,1,tensorflow/tensorflow,1431,69460,15,230,2,4
facebook/react-native#22670,3502908,0,0,facebook/react-native,1417,15347,214,226,199,241
twbs/bootstrap#3669,121850,0,0,twbs/bootstrap,401,2410,1,54,4,0
twbs/bootstrap#24594,6106,0,0,twbs/bootstrap,2377,17178,0,81,4,0
facebook/react#22999,104116,0,0,facebook/react,3127,14695,1,249,15,384
facebook/react#22999,104116,0,0,facebook/react,3127,14695,1,249,15,384
flutter/flutter#8914,64689,1,1,flutter/flutter,880,7766,0,10,6,107
ytdl-org/youtube-dl#30366,136481,1,1,ytdl-org/youtube-dl,4895,18491,0,906,8,522
tensorflow/tensorflow#30949,1146321,0,0,tensorflow/tensorflow,1355,63211,0,276,114,0
tensorflow/tensorflow#30949,1146321,0,0,tensorflow/tensorflow,1355,63211,0,276,114,0
tensorflow/tensorflow#41981,2709922,1,1,tensorflow/tensorflow,1731,92478,2,214,379,61
golang/go#24927,3369,0,1,golang/go,16710,36305,0,14,30,12
electron/electron#29380,3621071,1,0,electron/electron,2998,25161,6,89,451,190
golang/go#36920,2279287,0,0,golang/go,17363,42645,0,168,22,22
tensorflow/tensorflow#50408,10447149,1,1,tensorflow/tensorflow,2055,113114,0,181,175,43
nodejs/node#46108,173229,1,0,nodejs/node,5072,37898,558,411,15,300
nodejs/node#15648,170715,0,1,nodejs/node,3147,18950,84,145,47,152
nodejs/node#29526,873109,0,1,nodejs/node,3860,28088,144,305,175,386
tensorflow/tensorflow#56465,1860041,1,1,tensorflow/tensorflow,2413,130978,65,206,49,10
tensorflow/tensorflow#56465,1860041,1,1,tensorflow/tensorflow,2413,130978,65,206,49,10
flutter/flutter#20887,66241,1,1,flutter/flutter,1399,11663,2,93,21,48
ytdl-org/youtube-dl#25734,21834588,0,1,ytdl-org/youtube-dl,4351,17715,0,653,147,539
nodejs/node#45512,1214364,0,0,nodejs/node,5024,37584,44,362,86,7
tensorflow/tensorflow#56780,7691741,0,1,tensorflow/tensorflow,2443,132183,6,232,15,19
facebook/react-native#12682,9963279,0,1,facebook/react-native,764,9818,0,184,16,275
facebook/react-native#12682,9963279,0,1,facebook/react-native,764,9818,0,184,16,275
vercel/next.js#28997,96,0,1,vercel/next.js,1801,9133,1,212,0,182
microsoft/vscode#114669,76592,1,1,microsoft/vscode,1896,75696,11,175,4,0
ytdl-org/youtube-dl#31243,1842948,1,1,ytdl-org/youtube-dl,5173,18612,0,917,13,1001
tensorflow/tensorflow#18433,2923457,1,1,tensorflow/tensorflow,887,31609,5,229,1339,107
nodejs/node#46085,289644,1,1,nodejs/node,5071,37894,54,403,3,310
facebook/react-native#19768,20205687,0,0,facebook/react-native,1235,13813,22,218,42,71
flutter/flutter#24265,6119325,0,1,flutter/flutter,1482,12472,23,89,302,304
tensorflow/tensorflow#27175,825779,0,0,tensorflow/tensorflow,1237,52576,7,382,13,0
flutter/flutter#31812,150923,1,1,flutter/flutter,1650,13985,2,112,29,0
flutter/flutter#63610,1106645,1,1,flutter/flutter,2121,20000,1628,159,1409,583
tensorflow/tensorflow#52295,1755482,1,1,tensorflow/tensorflow,2163,119061,1,180,29,49
tensorflow/tensorflow#52295,1755482,1,1,tensorflow/tensorflow,2163,119061,1,180,29,49
facebook/react-native#16464,21650,0,1,facebook/react-native,994,12053,67,227,2,80
tensorflow/tensorflow#39700,733442,0,0,tensorflow/tensorflow,1657,86418,0,205,8,6
facebook/react-native#17583,23513357,0,0,facebook/react-native,1080,12530,3,165,12,61
nodejs/node#44710,17869856,1,1,nodejs/node,4963,37115,21,397,1454,4
flutter/flutter#103975,10920,0,0,flutter/flutter,2763,28954,0,192,926,328
flutter/flutter#36757,474897,0,0,flutter/flutter,1734,14989,0,113,5,43
flutter/flutter#50259,90971,0,0,flutter/flutter,1932,17502,0,158,25,14
tensorflow/tensorflow#37514,164996,1,1,tensorflow/tensorflow,1587,81228,10,248,54,0
electron/electron#24054,70988,1,0,electron/electron,2647,23657,720,70,58,136
nodejs/node#17159,760770,0,0,nodejs/node,3200,19922,339,200,394,170
vercel/next.js#19445,70611,0,0,vercel/next.js,1510,7392,0,153,29,0
tensorflow/tensorflow#57537,163715,1,1,tensorflow/tensorflow,2489,134478,2,235,10,87
electron/electron#14651,2758310,0,1,electron/electron,2014,20092,0,38,142,166
microsoft/vscode#161000,3098652,0,0,microsoft/vscode,2499,100763,1,356,1,64
electron/electron#37341,21106,0,0,electron/electron,3630,27102,0,100,9,215
nodejs/node#20745,10210256,0,1,nodejs/node,3376,22355,15,147,41,289
nodejs/node#3933,40312777,0,0,nodejs/node,2469,12568,0,188,3,0
golang/go#39494,47839398,0,0,golang/go,17494,44320,0,187,4,266
flutter/flutter#44778,176939,1,1,flutter/flutter,1847,16553,64,154,249,478
tensorflow/tensorflow#27678,155520,1,0,tensorflow/tensorflow,1250,54907,1,406,568,13
facebook/react#22995,111185,0,0,facebook/react,3127,14695,0,248,17,384
facebook/react#22995,111185,0,0,facebook/react,3127,14695,0,248,17,384
axios/axios#2541,7339572,0,1,axios/axios,1911,889,5,138,85,0
flutter/flutter#34870,292829,1,1,flutter/flutter,1703,14666,1,98,191,4
twbs/bootstrap#17815,7760731,0,0,twbs/bootstrap,1625,13129,2,115,7,0
flutter/flutter#85113,18106466,0,1,flutter/flutter,2435,24668,1,184,2,324
flutter/flutter#85113,18106466,0,1,flutter/flutter,2435,24668,1,184,2,324
flutter/flutter#85113,18106466,0,1,flutter/flutter,2435,24668,1,184,2,324
flutter/flutter#85113,18106466,0,1,flutter/flutter,2435,24668,1,184,2,324
vercel/next.js#22202,25544637,0,1,vercel/next.js,1594,7832,0,135,62,0
nodejs/node#2359,745798,0,0,nodejs/node,2369,11909,0,106,10,21
nodejs/node#9483,8266835,0,0,nodejs/node,2821,15302,181,292,93,218
tensorflow/tensorflow#55196,924988,1,1,tensorflow/tensorflow,2317,126482,50,335,22,4
electron/electron#19698,1586259,1,1,electron/electron,2340,22308,0,69,46,131
axios/axios#4147,496040,1,1,axios/axios,2606,1036,11,85,6,18
electron/electron#13944,1375741,1,1,electron/electron,1971,19761,93,51,48,43
flutter/flutter#120739,633,1,1,flutter/flutter,3037,33358,36,198,27,8
nodejs/node#47125,2072419,1,0,nodejs/node,5142,38458,547,417,684,322
tensorflow/tensorflow#55491,2678050,1,0,tensorflow/tensorflow,2342,127555,58,190,102,60
flutter/flutter#60558,4829018,1,1,flutter/flutter,2077,19379,0,133,2062,0
flutter/flutter#60558,4829018,1,1,flutter/flutter,2077,19379,0,133,2062,0
facebook/react#15022,11498883,1,1,facebook/react,2107,10833,332,145,861,116
tensorflow/tensorflow#50756,4270189,1,1,tensorflow/tensorflow,2076,114260,60,176,287,68
electron/electron#13284,57658,1,1,electron/electron,1924,19250,30,42,4,0
tensorflow/tensorflow#51470,15666875,1,1,tensorflow/tensorflow,2106,116119,0,153,7,18
nodejs/node#38123,488838,0,0,nodejs/node,4434,33416,7,256,2,317
vercel/next.js#40853,1043093,0,1,vercel/next.js,2179,12576,0,214,231,157
flutter/flutter#47389,7635,1,0,flutter/flutter,1883,16996,16,168,2815,20
flutter/flutter#13299,2354,1,1,flutter/flutter,1135,9541,335,21,40,41
facebook/react-native#19489,15782040,0,1,facebook/react-native,1216,13651,2,209,198778,32
flutter/flutter#51223,837916,0,0,flutter/flutter,1948,17694,1,126,1072,569
flutter/flutter#51223,837916,0,0,flutter/flutter,1948,17694,1,126,1072,569
flutter/flutter#29901,90240,0,0,flutter/flutter,1614,13585,0,104,0,343
flutter/flutter#18369,1895217,1,1,flutter/flutter,1328,11100,57,54,1238,26
microsoft/vscode#5489,5472292,1,0,microsoft/vscode,158,4630,16,23,4039,26
facebook/react-native#15688,2015451,0,1,facebook/react-native,943,11612,0,251,1,198
microsoft/vscode#77274,1479309,0,0,microsoft/vscode,1337,51747,96,261,57,0
golang/go#31994,81846857,0,0,golang/go,17100,40421,0,106,2,0
flutter/flutter#29090,34813,0,0,flutter/flutter,1598,13426,0,96,2,422
flutter/flutter#29090,34813,0,0,flutter/flutter,1598,13426,0,96,2,422
flutter/flutter#29090,34813,0,0,flutter/flutter,1598,13426,0,96,2,422
nodejs/node#4507,3631527,1,0,nodejs/node,2511,12820,46,211,395,216
tensorflow/tensorflow#52012,2281978,1,1,tensorflow/tensorflow,2140,117801,53,198,758,20
flutter/flutter#65150,581609,1,1,flutter/flutter,2142,20323,3,186,24,439
facebook/react-native#32435,522412,0,1,facebook/react-native,2454,23438,2,290,1,181
golang/go#31953,78337,0,1,golang/go,17097,40409,0,104,4,399
vercel/next.js#44023,94744,0,1,vercel/next.js,2261,13745,21,229,850,305
tensorflow/tensorflow#47258,314267,1,1,tensorflow/tensorflow,1932,105358,48,212,122,91
flutter/flutter#66512,1578058,0,0,flutter/flutter,2163,20595,0,144,24,583
flutter/flutter#66512,1578058,0,0,flutter/flutter,2163,20595,0,144,24,583
facebook/react-native#28566,96159181,0,0,facebook/react-native,1897,19831,0,89,2,149
flutter/flutter#44980,22316109,1,1,flutter/flutter,1849,16591,0,152,2,475
tensorflow/tensorflow#20430,13397,1,0,tensorflow/tensorflow,966,36094,60,220,12969,0
tensorflow/tensorflow#24293,11573031,1,0,tensorflow/tensorflow,1131,45641,21,280,252,51
electron/electron#11573,8102691,0,0,electron/electron,1759,18074,1,32,3,5
tensorflow/tensorflow#29440,3739925,1,1,tensorflow/tensorflow,1307,59334,0,373,2,0
flutter/flutter#82754,8616,1,1,flutter/flutter,2399,24129,517,169,8,29
tensorflow/tensorflow#53259,24367358,0,0,tensorflow/tensorflow,2216,122023,0,166,16,15
facebook/react-native#10772,22110425,0,0,facebook/react-native,647,8319,0,164,337,135
nodejs/node#12797,1989,0,0,nodejs/node,2998,17310,0,329,25,160
electron/electron#26278,225112,0,0,electron/electron,2788,24273,2,81,41,222
tensorflow/tensorflow#51235,3757086,1,1,tensorflow/tensorflow,2099,115626,1,149,1037,68
facebook/react-native#7625,15542900,0,0,facebook/react-native,476,6379,0,175,699,61
facebook/react-native#7625,15542900,0,0,facebook/react-native,476,6379,0,175,699,61
tensorflow/tensorflow#36969,8802548,0,0,tensorflow/tensorflow,1568,79785,19,242,104,572
facebook/react#21641,2065645,1,1,facebook/react,2932,14212,669,187,3040,144
flutter/flutter#64199,81014,1,1,flutter/flutter,2128,20122,2,166,124,532
ytdl-org/youtube-dl#31953,694650,0,0,ytdl-org/youtube-dl,5363,18698,0,906,201,10
flutter/flutter#28688,616562,1,1,flutter/flutter,1590,13348,47,103,57,64
twbs/bootstrap#37311,1515884,0,1,twbs/bootstrap,4187,21950,23,120,7,297
golang/go#34030,687422,0,1,golang/go,17213,41088,0,123,92,280
nodejs/node#30022,187876,0,0,nodejs/node,3897,28382,342,285,73,17
flutter/flutter#37652,858822,1,1,flutter/flutter,1748,15148,1,127,18,502
flutter/flutter#121999,262303,0,1,flutter/flutter,3056,33649,1,183,276,366
electron/electron#19427,1155637,1,1,electron/electron,2324,22192,1,82,11,240
electron/electron#19427,1155637,1,1,electron/electron,2324,22192,1,82,11,240
electron/electron#37514,9358,1,0,electron/electron,3646,27141,1335,88,3,145
flutter/flutter#30983,1630232,1,1,flutter/flutter,1633,13788,76,100,4048,0
tensorflow/tensorflow#37936,4962103,1,0,tensorflow/tensorflow,1602,82300,7,226,6,0
microsoft/vscode#66618,2471305,1,1,microsoft/vscode,1161,44776,0,184,9,0
nodejs/node#33189,2596622,0,1,nodejs/node,4093,30396,12,304,122,135
nodejs/node#16270,171699,0,1,nodejs/node,3166,19322,97,222,0,220
nodejs/node#10859,467833,0,1,nodejs/node,2893,16093,8,334,8,121
facebook/react-native#13957,9521577,0,0,facebook/react-native,835,10672,0,244,70,155
tensorflow/tensorflow#56869,11218427,1,1,tensorflow/tensorflow,2450,132548,11,242,8,20
tensorflow/tensorflow#56869,11218427,1,1,tensorflow/tensorflow,2450,132548,11,242,8,20
tensorflow/tensorflow#34052,41892,1,1,tensorflow/tensorflow,1461,71888,50,233,51,0
tensorflow/tensorflow#34052,41892,1,1,tensorflow/tensorflow,1461,71888,50,233,51,0
tensorflow/tensorflow#34248,4308493,0,0,tensorflow/tensorflow,1468,72414,2,237,12,17
flutter/flutter#32437,934459,1,1,flutter/flutter,1660,14122,356,94,8,0
flutter/flutter#115186,4562510,0,0,flutter/flutter,2942,32018,0,171,12,65
flutter/flutter#93408,13163766,1,1,flutter/flutter,2575,26530,1,185,10,153
flutter/flutter#93408,13163766,1,1,flutter/flutter,2575,26530,1,185,10,153
twbs/bootstrap#36532,5905,0,0,twbs/bootstrap,4061,21755,0,123,57402,3
axios/axios#3831,16957260,0,1,axios/axios,2488,1008,0,79,2,119
flutter/flutter#59103,4704382,0,0,flutter/flutter,2057,19129,0,137,15,457
facebook/react-native#13809,4070,0,0,facebook/react-native,827,10583,1,222,2,308
vercel/next.js#3724,1320,0,0,vercel/next.js,490,1821,0,25,2,0
flutter/flutter#57670,120596,1,1,flutter/flutter,2036,18893,15,130,68,445
tensorflow/tensorflow#30101,1457245,1,1,tensorflow/tensorflow,1326,60926,11,296,4,43
tensorflow/tensorflow#30987,137224,1,0,tensorflow/tensorflow,1356,63300,1,278,6,8
flutter/flutter#57988,49772,0,0,flutter/flutter,2042,18905,0,153,10,5
facebook/react-native#9788,8596069,0,1,facebook/react-native,587,7713,12,201,60,75
flutter/flutter#121588,740758,0,1,flutter/flutter,3050,33558,0,193,103,297
nodejs/node#14334,296456,0,0,nodejs/node,3075,18179,0,314,146,174
nodejs/node#11630,2298706,0,1,nodejs/node,2936,16586,4,344,30,280
nodejs/node#31257,234701,0,1,nodejs/node,3979,29235,31,261,123,193
facebook/react-native#20025,23023965,0,0,facebook/react-native,1252,13963,2,235,270,21
facebook/react-native#20025,23023965,0,0,facebook/react-native,1252,13963,2,235,270,21
flutter/flutter#51335,1229110,1,1,flutter/flutter,1950,17705,10,124,61,546
nodejs/node#46083,550441,1,0,nodejs/node,5070,37894,16,402,538,54
tensorflow/tensorflow#56334,13046122,0,1,tensorflow/tensorflow,2400,130366,15,202,14,5
electron/electron#16625,7211,1,1,electron/electron,2150,21097,46,76,663,168
tensorflow/tensorflow#55379,827129,1,1,tensorflow/tensorflow,2332,127167,30,316,288,107
tensorflow/tensorflow#55379,827129,1,1,tensorflow/tensorflow,2332,127167,30,316,288,107
nodejs/node#16802,9613,0,1,nodejs/node,3186,19650,10,206,9,162
nodejs/node#7062,617699,0,1,nodejs/node,2661,14089,0,233,4,71
nodejs/node#18170,1239636,0,1,nodejs/node,3257,20646,5,183,26,423
tensorflow/tensorflow#34480,273421,0,0,tensorflow/tensorflow,1476,73027,2,219,3,0
tensorflow/tensorflow#33638,546248,1,0,tensorflow/tensorflow,1447,70866,0,246,2,0
flutter/flutter#60640,1164923,1,1,flutter/flutter,2078,19396,0,132,38,543
flutter/flutter#35066,189814,1,1,flutter/flutter,1706,14701,73,101,6,18
flutter/flutter#43466,939662,1,1,flutter/flutter,1828,16291,5,150,278,453
facebook/react#13596,904684,1,1,facebook/react,1928,10244,14,85,2,0
tensorflow/tensorflow#55655,1210805,1,1,tensorflow/tensorflow,2355,128132,2,194,165,356
flutter/flutter#119035,2352,1,1,flutter/flutter,3015,32984,14,202,2,318
flutter/flutter#34252,4758717,1,1,flutter/flutter,1692,14526,550,107,1859,0
twbs/bootstrap#25181,61583,0,0,twbs/bootstrap,2443,17420,3,91,6,0
tensorflow/tensorflow#36285,1154090,1,0,tensorflow/tensorflow,1544,77547,0,240,2,5
facebook/react-native#35608,6478321,0,0,facebook/react-native,2872,26287,0,281,33,48
facebook/react-native#35608,6478321,0,0,facebook/react-native,2872,26287,0,281,33,48
flutter/flutter#103092,1716659,1,1,flutter/flutter,2751,28722,205,180,23,328
facebook/react-native#21820,12697637,0,1,facebook/react-native,1357,14837,0,238,359,438
electron/electron#13808,2592614,1,1,electron/electron,1961,19710,0,47,2,0
flutter/flutter#91990,79068,0,0,flutter/flutter,2552,26238,31,165,73,265
flutter/flutter#81140,7499687,0,0,flutter/flutter,2376,23774,0,170,1,324
tensorflow/tensorflow#21132,1374531,0,0,tensorflow/tensorflow,992,37455,0,287,30140,35
facebook/react-native#12489,7205266,0,0,facebook/react-native,754,9666,1,174,6,16
facebook/react-native#12489,7205266,0,0,facebook/react-native,754,9666,1,174,6,16
electron/electron#16276,687351,1,1,electron/electron,2124,20903,320,61,61,177
flutter/flutter#20840,1296793,1,0,flutter/flutter,1398,11650,1,95,34,3
facebook/react-native#7220,5064,0,1,facebook/react-native,452,6070,27,167,71,173
flutter/flutter#120855,1970535,0,0,flutter/flutter,3038,33392,25,193,5805,265
nodejs/node#22315,10825355,0,1,nodejs/node,3467,23282,72,209,48,46
flutter/flutter#27953,532712,1,1,flutter/flutter,1576,13207,2,102,46,0
golang/go#37386,16639,0,1,golang/go,17386,42856,1,175,5,111
tensorflow/tensorflow#24327,2949455,1,1,tensorflow/tensorflow,1132,45754,0,283,1011,42
flutter/flutter#818,3477,1,0,flutter/flutter,412,3095,0,5,4,0
facebook/react-native#11647,17760158,0,0,facebook/react-native,699,9142,0,140,2,235
electron/electron#13505,4599237,1,1,electron/electron,1934,19554,78,45,130,0
flutter/flutter#38643,945557,1,1,flutter/flutter,1758,15301,11,124,111,338
flutter/flutter#38643,945557,1,1,flutter/flutter,1758,15301,11,124,111,338
tensorflow/tensorflow#54505,1353338,1,1,tensorflow/tensorflow,2301,125818,46,181,75,89
twbs/bootstrap#37356,37261,1,0,twbs/bootstrap,4197,21969,5,117,6,299
tensorflow/tensorflow#41296,524620,1,1,tensorflow/tensorflow,1708,90430,0,216,2,19
nodejs/node#45491,1218664,0,0,nodejs/node,5022,37563,19,375,73181,3779
facebook/react#16104,25580123,1,1,facebook/react,2234,12013,5,182,90,205
golang/go#38191,4754,0,1,golang/go,17424,43399,0,170,2,15
flutter/flutter#27778,193562,0,0,flutter/flutter,1572,13153,19,129,54,0
flutter/flutter#123216,2265715,0,0,flutter/flutter,3072,33934,0,198,20,331
flutter/flutter#123216,2265715,0,0,flutter/flutter,3072,33934,0,198,20,331
facebook/react-native#7344,6813288,0,1,facebook/react-native,460,6156,1,169,2,40
flutter/flutter#34188,8659210,1,1,flutter/flutter,1692,14515,231,112,709,80
flutter/flutter#61609,3633951,0,0,flutter/flutter,2093,19585,2,148,16992,439
nodejs/node#31950,4155214,0,1,nodejs/node,4027,29661,9,284,272,120
axios/axios#5420,624840,1,0,axios/axios,3055,1382,76,30,471,86
tensorflow/tensorflow#32636,3163418,0,0,tensorflow/tensorflow,1413,68102,0,225,132,3
tensorflow/tensorflow#42023,6682593,0,1,tensorflow/tensorflow,1733,92621,0,209,5,6
nodejs/node#17560,4568092,0,0,nodejs/node,3219,20241,14,169,2667,78
flutter/flutter#26847,2031901,0,1,flutter/flutter,1551,12959,0,130,20,10
facebook/react-native#14906,866809,0,1,facebook/react-native,891,11186,0,260,2,30
twbs/bootstrap#6342,20966135,1,0,twbs/bootstrap,603,3521,0,59,0,6223
electron/electron#15755,126,0,0,electron/electron,2077,20682,2,72,523,4
tensorflow/tensorflow#56072,3192729,1,1,tensorflow/tensorflow,2378,129301,64,205,10,9
microsoft/vscode#75052,47201696,0,1,microsoft/vscode,1302,49966,7,260,37,0
flutter/flutter#26208,61518,0,1,flutter/flutter,1538,12807,58,146,939,4
facebook/react-native#20293,992554,0,1,facebook/react-native,1267,14068,24,248,2,39
nodejs/node#15126,19744545,0,0,nodejs/node,3120,18668,55,240,602,247
nodejs/node#10713,192812,0,1,nodejs/node,2885,15979,23,355,59,126
nodejs/node#11020,364143,0,1,nodejs/node,2902,16182,35,342,22178,398
electron/electron#26363,2241614,0,1,electron/electron,2795,24294,14,86,19,191
tensorflow/tensorflow#53421,2443534,1,0,tensorflow/tensorflow,2230,122782,4,163,200,29
golang/go#39474,47902224,0,0,golang/go,17493,44311,0,186,22,263
nodejs/node#20075,2388506,0,1,nodejs/node,3347,21955,5,126,110,83
flutter/flutter#100133,5043897,0,0,flutter/flutter,2700,27910,2,171,192,328
tensorflow/tensorflow#52040,394479,1,1,tensorflow/tensorflow,2142,117928,35,202,44,394
tensorflow/tensorflow#26936,41247878,1,1,tensorflow/tensorflow,1230,52087,18,383,38,0
facebook/react-native#12329,290960,0,1,facebook/react-native,743,9535,59,151,209,906
nodejs/node#29522,1999602,0,1,nodejs/node,3859,28088,50,303,330,350
flutter/flutter#42100,9705222,1,1,flutter/flutter,1810,16030,0,147,242,482
tensorflow/tensorflow#31559,94124,1,0,tensorflow/tensorflow,1375,65023,1,262,4,0
tensorflow/tensorflow#47154,79252,1,1,tensorflow/tensorflow,1928,105077,46,215,78,294
nodejs/node#33155,1397268,0,0,nodejs/node,4092,30386,13,294,27,360
facebook/react-native#16500,11602492,0,1,facebook/react-native,998,12066,0,196,345,1341
nodejs/node#12972,262087,0,1,nodejs/node,3007,17428,79,331,63,75
flutter/flutter#30414,671714,1,1,flutter/flutter,1623,13680,7,109,32,328
flutter/flutter#99493,2434542,1,1,flutter/flutter,2688,27777,105,165,691,299
facebook/react#23001,102822,0,0,facebook/react,3127,14695,3,251,8,384
facebook/react#23001,102822,0,0,facebook/react,3127,14695,3,251,8,384
tensorflow/tensorflow#19423,1205111,0,0,tensorflow/tensorflow,926,33758,3,225,846,102
facebook/react-native#33856,12038,0,0,facebook/react-native,2666,24692,0,319,25,149
flutter/flutter#54919,3616927,1,1,flutter/flutter,2002,18441,416,108,740,134
tensorflow/tensorflow#56483,1813002,0,1,tensorflow/tensorflow,2414,131047,12,213,204,19
nodejs/node#9659,17829247,0,1,nodejs/node,2832,15379,0,311,328,326
flutter/flutter#40204,9,1,1,flutter/flutter,1784,15668,768,121,330,7
tensorflow/tensorflow#55665,714547,1,1,tensorflow/tensorflow,2356,128181,10,187,11,53
tensorflow/tensorflow#55665,714547,1,1,tensorflow/tensorflow,2356,128181,10,187,11,53
flutter/flutter#19569,7966,1,1,flutter/flutter,1366,11357,47,83,2,0
flutter/flutter#14610,392540,1,1,flutter/flutter,1206,10072,88,32,433,32
flutter/flutter#14610,392540,1,1,flutter/flutter,1206,10072,88,32,433,32
tensorflow/tensorflow#31238,41037,1,1,tensorflow/tensorflow,1364,64056,12,279,4,0
facebook/react-native#24331,5113174,0,1,facebook/react-native,1528,16381,0,45,2,84
tensorflow/tensorflow#50962,3984078,1,1,tensorflow/tensorflow,2089,114976,63,173,113,45
nodejs/node#10045,11179,0,0,nodejs/node,2846,15469,0,487,4,18
tensorflow/tensorflow#10388,389807,0,0,tensorflow/tensorflow,574,18236,10,96,13,0
tensorflow/tensorflow#51469,3539260,0,0,tensorflow/tensorflow,2106,116113,4,152,248,62
tensorflow/tensorflow#43611,17768049,0,1,tensorflow/tensorflow,1788,96541,3,191,157,50
nodejs/node#6413,10773848,0,0,nodejs/node,2628,13781,101,220,37,65
flutter/flutter#51382,618505,0,1,flutter/flutter,1951,17718,333,118,24,8
twbs/bootstrap#38128,687051,0,1,twbs/bootstrap,4325,22256,0,107,2,346
flutter/flutter#37169,13679394,0,0,flutter/flutter,1740,15053,0,120,23,397
facebook/react-native#24347,63926,0,1,facebook/react-native,1530,16385,0,47,4,176
facebook/react-native#24347,63926,0,1,facebook/react-native,1530,16385,0,47,4,176
facebook/react#9147,2220024,0,0,facebook/react,1381,8319,210,109,55817,48
facebook/react-native#4061,237897,1,0,facebook/react-native,286,3743,4,174,5,2
electron/electron#17121,157796,1,1,electron/electron,2175,21310,413,91,79,155
electron/electron#33265,174892,1,1,electron/electron,3287,26067,0,119,2,98
facebook/react#23000,103551,0,0,facebook/react,3127,14695,2,250,417,384
facebook/react#23000,103551,0,0,facebook/react,3127,14695,2,250,417,384
flutter/flutter#74665,7282,1,1,flutter/flutter,2287,22302,77,176,56,0
facebook/react-native#23804,518132,0,1,facebook/react-native,1498,16066,0,67,56,335
nodejs/node#38575,2140616,0,0,nodejs/node,4463,33677,776,247,318,75
nodejs/node#19896,5316228,0,0,nodejs/node,3340,21800,1,164,6,126
electron/electron#18133,15664510,0,0,electron/electron,2242,21716,0,65,47,219
electron/electron#18133,15664510,0,0,electron/electron,2242,21716,0,65,47,219
electron/electron#18133,15664510,0,0,electron/electron,2242,21716,0,65,47,219
electron/electron#33288,504667,1,1,electron/electron,3290,26074,1266,121,18,301
flutter/flutter#19931,225697,1,1,flutter/flutter,1374,11437,8,84,2,0
electron/electron#14377,2785831,1,1,electron/electron,1995,19925,107,42,121,69
tensorflow/tensorflow#1338,63223,0,0,tensorflow/tensorflow,116,2110,0,42,0,18
electron/electron#34804,49127,0,0,electron/electron,3396,26511,0,88,4,205
facebook/react-native#10948,919529,0,1,facebook/react-native,656,8460,2,136,2,70
golang/go#36076,16917,0,1,golang/go,17311,42390,0,132,3,67
tensorflow/tensorflow#23186,2961841,0,0,tensorflow/tensorflow,1082,42613,3,248,153,0
flutter/flutter#79953,2872,1,1,flutter/flutter,2358,23495,194,173,2,152
electron/electron#16363,4097861,1,1,electron/electron,2130,20948,0,62,3,242
electron/electron#16363,4097861,1,1,electron/electron,2130,20948,0,62,3,242
electron/electron#16363,4097861,1,1,electron/electron,2130,20948,0,62,3,242
tensorflow/tensorflow#57091,406534,1,1,tensorflow/tensorflow,2469,133477,76,230,129,30
flutter/flutter#46034,3184235,0,1,flutter/flutter,1868,16819,49,188,1085,596
flutter/flutter#46034,3184235,0,1,flutter/flutter,1868,16819,49,188,1085,596
tensorflow/tensorflow#57639,1221425,1,1,tensorflow/tensorflow,2497,134975,33,236,267,177
flutter/flutter#44471,1532814,1,0,flutter/flutter,1843,16519,70,139,35,360
facebook/react-native#19169,877176,0,1,facebook/react-native,1194,13427,0,206,5,582
facebook/react-native#19169,877176,0,1,facebook/react-native,1194,13427,0,206,5,582
flutter/flutter#116536,1309495,1,0,flutter/flutter,2966,32386,16,171,18,272
electron/electron#14906,11650756,1,1,electron/electron,2029,20249,1,47,25,67
tensorflow/tensorflow#13343,7493,0,0,tensorflow/tensorflow,691,22493,0,117,4524,1
flutter/flutter#111710,414977,0,0,flutter/flutter,2885,31096,0,188,759,328
tensorflow/tensorflow#37304,3625665,1,1,tensorflow/tensorflow,1580,80663,0,241,118,0
vercel/next.js#16215,1050207,1,1,vercel/next.js,1410,6736,0,75,714,0
electron/electron#7365,13912,0,0,electron/electron,1294,12604,0,10,7811,11
flutter/flutter#121483,5537065,1,1,flutter/flutter,3048,33527,35,198,480,374
tensorflow/tensorflow#53848,5625213,1,1,tensorflow/tensorflow,2268,124228,9,170,152,11
nodejs/node#9978,358593,0,1,nodejs/node,2846,15468,1,425,16,160
flutter/flutter#38325,106572,1,1,flutter/flutter,1754,15241,22,122,119,512
flutter/flutter#107335,1207221,1,1,flutter/flutter,2816,29781,0,220,2014,248
microsoft/vscode#79960,4103084,1,0,microsoft/vscode,1384,53789,0,173,100,0
microsoft/vscode#79960,4103084,1,0,microsoft/vscode,1384,53789,0,173,100,0
microsoft/vscode#79960,4103084,1,0,microsoft/vscode,1384,53789,0,173,100,0
flutter/flutter#39124,2871799,1,0,flutter/flutter,1765,15439,236,102,90,66
nodejs/node#36178,2006130,0,1,nodejs/node,4295,32269,582,239,51,350
nodejs/node#8896,279612,0,1,nodejs/node,2786,15026,1,278,14,182
flutter/flutter#44843,53,1,1,flutter/flutter,1848,16562,963,149,208,4
nodejs/node#32438,613328,0,1,nodejs/node,4054,29941,564,324,442,51
tensorflow/tensorflow#17277,34187,1,0,tensorflow/tensorflow,843,29259,116,180,2,0
tensorflow/tensorflow#51475,4210519,1,1,tensorflow/tensorflow,2106,116140,5,155,2112,57
tensorflow/tensorflow#51475,4210519,1,1,tensorflow/tensorflow,2106,116140,5,155,2112,57
flutter/flutter#26438,3891169,1,1,flutter/flutter,1542,12860,61,137,643,18
nodejs/node#41749,235739,1,0,nodejs/node,4731,35486,613,324,8079,8
flutter/flutter#34015,523360,0,0,flutter/flutter,1688,14457,7,113,294,243
facebook/react-native#11117,28478412,0,0,facebook/react-native,665,8613,12,142,89,32
facebook/react-native#11117,28478412,0,0,facebook/react-native,665,8613,12,142,89,32
facebook/react-native#11117,28478412,0,0,facebook/react-native,665,8613,12,142,89,32
tensorflow/tensorflow#36324,494206,1,1,tensorflow/tensorflow,1545,77713,12,239,6,0
facebook/react#3523,110699,0,0,facebook/react,666,4093,0,110,85658,1
nodejs/node#23695,3160211,0,1,nodejs/node,3530,24198,1,213,112,184
tensorflow/tensorflow#30890,268263,1,1,tensorflow/tensorflow,1351,62994,1,276,2,9
nodejs/node#1660,239053,0,0,nodejs/node,2273,11467,0,77,50,43
flutter/flutter#41480,10,1,1,flutter/flutter,1800,15909,802,131,2,4
nodejs/node#4682,5397161,0,0,nodejs/node,2524,12912,47,211,3677,202
nodejs/node#47233,611529,1,0,nodejs/node,5149,38498,11,440,2,105
flutter/flutter#32952,1055213,0,0,flutter/flutter,1668,14216,78,107,489,473
facebook/react-native#10112,6871875,0,1,facebook/react-native,606,7900,2,176,496,47
facebook/react-native#33682,1982422,0,0,facebook/react-native,2639,24522,11,325,40,210
nodejs/node#47339,442714,1,0,nodejs/node,5157,38555,106,431,26730,66
flutter/flutter#87801,1679924,1,1,flutter/flutter,2479,25363,20,161,49,261
tensorflow/tensorflow#55332,1809698,1,1,tensorflow/tensorflow,2328,126879,52,330,67,4
facebook/react-native#15252,11341914,0,0,facebook/react-native,911,11384,0,253,25,72
tensorflow/tensorflow#50884,19356451,0,1,tensorflow/tensorflow,2084,114749,34,173,130,20
flutter/flutter#27345,5317399,0,1,flutter/flutter,1561,13060,66,116,515,0
facebook/react-native#12369,6259837,0,0,facebook/react-native,747,9577,0,154,16,229
facebook/react-native#12369,6259837,0,0,facebook/react-native,747,9577,0,154,16,229
tensorflow/tensorflow#43545,3617705,1,1,tensorflow/tensorflow,1784,96349,25,201,120,13
nodejs/node#32131,4324292,0,1,nodejs/node,4037,29734,7,307,646,411
electron/electron#12954,63549,1,1,electron/electron,1890,19095,52,34,4,4
electron/electron#12954,63549,1,1,electron/electron,1890,19095,52,34,4,4
microsoft/vscode#53931,527432,1,1,microsoft/vscode,970,36760,4,139,9,12
flutter/flutter#102856,395,1,0,flutter/flutter,2746,28642,347,169,206,4
kubernetes/kubernetes#77463,146446,0,0,kubernetes/kubernetes,1794,78090,7,1019,21,405
kubernetes/kubernetes#104832,4210087,1,1,kubernetes/kubernetes,2651,103413,7,1001,129,541
kubernetes/kubernetes#104832,4210087,1,0,kubernetes/kubernetes,2651,103413,7,1001,129,541
kubernetes/kubernetes#104832,4210087,1,1,kubernetes/kubernetes,2651,103413,7,1001,129,541
kubernetes/kubernetes#32363,6333,1,0,kubernetes/kubernetes,826,35324,446,527,15,68
kubernetes/kubernetes#29240,203127,1,0,kubernetes/kubernetes,775,32312,1,434,17,3
kubernetes/kubernetes#29240,203127,1,0,kubernetes/kubernetes,775,32312,1,434,17,3
kubernetes/kubernetes#88041,1197753,0,0,kubernetes/kubernetes,2076,88391,44,922,12650,132
kubernetes/kubernetes#49457,3556983,1,1,kubernetes/kubernetes,1143,51901,23,762,893,282
kubernetes/kubernetes#96834,1833053,1,1,kubernetes/kubernetes,2363,96154,50,871,25,676
kubernetes/kubernetes#60959,9428,1,1,kubernetes/kubernetes,1372,63010,179,1101,107,284
kubernetes/kubernetes#86139,90208130,1,1,kubernetes/kubernetes,2013,86518,0,1083,1397,500
kubernetes/kubernetes#13901,13994501,0,0,kubernetes/kubernetes,464,17557,19,230,1449,208
kubernetes/kubernetes#53449,471816,1,0,kubernetes/kubernetes,1216,55788,431,870,3236,23
kubernetes/kubernetes#22355,217,1,0,kubernetes/kubernetes,635,25948,304,385,652,34
kubernetes/kubernetes#113556,3887015,0,1,kubernetes/kubernetes,3071,111657,1,890,258,536
kubernetes/kubernetes#33080,4383432,1,1,kubernetes/kubernetes,837,35921,35,481,582,120
kubernetes/kubernetes#112950,332609,1,1,kubernetes/kubernetes,3048,111045,7,816,65,539
kubernetes/kubernetes#99424,5342875,0,1,kubernetes/kubernetes,2455,98273,0,1010,60,373
kubernetes/kubernetes#40312,264704,1,1,kubernetes/kubernetes,962,42473,4,599,563,329
kubernetes/kubernetes#95069,1572418,1,1,kubernetes/kubernetes,2303,94557,6,832,2800,45
kubernetes/kubernetes#55172,199907,1,1,kubernetes/kubernetes,1249,57452,1,888,22,6
kubernetes/kubernetes#6195,694031,0,0,kubernetes/kubernetes,297,8391,2,103,474,74
kubernetes/kubernetes#98829,3307839,1,1,kubernetes/kubernetes,2437,97695,177,969,74,59
kubernetes/kubernetes#98829,3307839,1,1,kubernetes/kubernetes,2437,97695,177,969,74,59
kubernetes/kubernetes#98772,678714,0,0,kubernetes/kubernetes,2435,97637,33,976,15,539
kubernetes/kubernetes#109111,8696668,1,1,kubernetes/kubernetes,2853,107576,105,585,33903,693
kubernetes/kubernetes#53328,705577,1,1,kubernetes/kubernetes,1214,55671,3,879,111,242
kubernetes/kubernetes#112373,4533871,1,1,kubernetes/kubernetes,3018,110502,0,818,55,357
kubernetes/kubernetes#113232,13301874,0,1,kubernetes/kubernetes,3059,111373,0,827,3,544
kubernetes/kubernetes#39656,816754,1,0,kubernetes/kubernetes,949,41726,0,642,26,305
kubernetes/kubernetes#102901,564865,1,1,kubernetes/kubernetes,2567,101577,15,1065,73,583
kubernetes/kubernetes#56911,840454,1,1,kubernetes/kubernetes,1280,59105,16,946,16,277
kubernetes/kubernetes#102147,111978,1,1,kubernetes/kubernetes,2539,100837,9,1112,22921,150
kubernetes/kubernetes#105347,3811319,1,1,kubernetes/kubernetes,2672,103929,0,992,507,547
kubernetes/kubernetes#105347,3811319,1,1,kubernetes/kubernetes,2672,103929,0,992,507,547
kubernetes/kubernetes#94125,1605223,1,0,kubernetes/kubernetes,2267,93617,4,1054,12,89
kubernetes/kubernetes#96806,3744281,1,1,kubernetes/kubernetes,2362,96134,1,860,12,346
kubernetes/kubernetes#10753,1563469,1,0,kubernetes/kubernetes,395,13979,0,240,34,17
kubernetes/kubernetes#69209,2395655,1,1,kubernetes/kubernetes,1575,70460,36,1008,3,151
kubernetes/kubernetes#112988,271252,1,0,kubernetes/kubernetes,3049,111070,24,825,10427,301
kubernetes/kubernetes#99999,587131,1,0,kubernetes/kubernetes,2468,99112,7,1019,18,567
kubernetes/kubernetes#71922,1832236,1,1,kubernetes/kubernetes,1648,72865,0,1003,50,397
kubernetes/kubernetes#115453,33805,1,1,kubernetes/kubernetes,3162,113644,5,765,476,726
kubernetes/kubernetes#41410,83181,1,1,kubernetes/kubernetes,984,43731,13,575,9,307
kubernetes/kubernetes#102158,80424,1,1,kubernetes/kubernetes,2539,100854,33,1108,7,559
kubernetes/kubernetes#31652,5206718,1,1,kubernetes/kubernetes,815,34718,5,429,1217,1557
kubernetes/kubernetes#77623,2816173,1,1,kubernetes/kubernetes,1798,78273,257,983,4,43
kubernetes/kubernetes#32351,60191,1,1,kubernetes/kubernetes,826,35309,440,529,78,148
kubernetes/kubernetes#15645,4162589,1,0,kubernetes/kubernetes,495,19364,79,288,27,12
kubernetes/kubernetes#115019,9162574,1,1,kubernetes/kubernetes,3142,113179,30,756,80,161
kubernetes/kubernetes#52616,24066134,0,0,kubernetes/kubernetes,1199,55031,10,865,1761,474
kubernetes/kubernetes#115149,4315065,1,1,kubernetes/kubernetes,3148,113293,3,768,1996,541
kubernetes/kubernetes#45492,1527395,1,0,kubernetes/kubernetes,1067,47810,0,633,15,142
kubernetes/kubernetes#40674,64434866,0,1,kubernetes/kubernetes,969,42868,25,577,660,250
kubernetes/kubernetes#39852,2721478,1,1,kubernetes/kubernetes,952,41941,15,597,629,44
kubernetes/kubernetes#40206,2507236,1,1,kubernetes/kubernetes,959,42347,230,614,273,64
kubernetes/kubernetes#90365,3115092,1,1,kubernetes/kubernetes,2147,90508,5,898,15,163
kubernetes/kubernetes#36245,5234807,1,0,kubernetes/kubernetes,882,38711,15,622,36404,74
kubernetes/kubernetes#96656,13267713,0,1,kubernetes/kubernetes,2357,96062,95,812,2,502
kubernetes/kubernetes#53031,2053637,1,1,kubernetes/kubernetes,1208,55425,261,845,480,196
kubernetes/kubernetes#111339,7533786,1,1,kubernetes/kubernetes,2968,109487,123,794,3,506
kubernetes/kubernetes#111339,7533786,1,1,kubernetes/kubernetes,2968,109487,123,794,3,506
kubernetes/kubernetes#78280,4140269,1,0,kubernetes/kubernetes,1813,78887,0,1023,8,116
kubernetes/kubernetes#110191,1192938,1,1,kubernetes/kubernetes,2909,108439,118,712,484,82
kubernetes/kubernetes#45952,489461,1,1,kubernetes/kubernetes,1076,48349,7,616,38,283
kubernetes/kubernetes#107028,67863,0,0,kubernetes/kubernetes,2748,105581,2,832,6,578
kubernetes/kubernetes#47421,8630170,0,0,kubernetes/kubernetes,1103,49995,0,705,18,124
kubernetes/kubernetes#116968,9677718,1,1,kubernetes/kubernetes,3217,115253,0,768,352,153
kubernetes/kubernetes#98096,884149,1,1,kubernetes/kubernetes,2415,97068,2,937,10,353
kubernetes/kubernetes#32378,116002,1,0,kubernetes/kubernetes,826,35341,24,528,280,91
kubernetes/kubernetes#112914,2717937,1,1,kubernetes/kubernetes,3045,111021,5,809,1756,253
kubernetes/kubernetes#73323,2186873,1,1,kubernetes/kubernetes,1694,73996,13,1005,42,460
kubernetes/kubernetes#73323,2186873,1,1,kubernetes/kubernetes,1694,73996,13,1005,42,460
kubernetes/kubernetes#42576,16430053,0,1,kubernetes/kubernetes,1004,45090,14,592,67,108
kubernetes/kubernetes#63413,26780181,0,0,kubernetes/kubernetes,1427,65117,0,1012,224,313
kubernetes/kubernetes#36603,346800,1,1,kubernetes/kubernetes,888,39129,31,599,37,138
kubernetes/kubernetes#63453,2656851,1,1,kubernetes/kubernetes,1429,65160,0,1015,8,286
kubernetes/kubernetes#63453,2656851,1,1,kubernetes/kubernetes,1429,65160,0,1015,8,286
kubernetes/kubernetes#23267,11791730,0,0,kubernetes/kubernetes,654,26856,103,368,65,53
kubernetes/kubernetes#47436,31861087,0,0,kubernetes/kubernetes,1103,50002,44,713,51,37
kubernetes/kubernetes#98311,588699,1,1,kubernetes/kubernetes,2422,97234,397,940,106,451
kubernetes/kubernetes#108410,154097,1,1,kubernetes/kubernetes,2825,106812,12,609,55,564
kubernetes/kubernetes#103508,277673,1,1,kubernetes/kubernetes,2587,102209,3,1101,22,1124
kubernetes/kubernetes#6959,46057,1,0,kubernetes/kubernetes,315,9413,31,110,2,0
kubernetes/kubernetes#2142,4871,1,0,kubernetes/kubernetes,150,3233,39,41,25,46
kubernetes/kubernetes#54355,6735339,0,1,kubernetes/kubernetes,1234,56636,31,897,2,273
kubernetes/kubernetes#32194,10670,1,0,kubernetes/kubernetes,824,35176,206,508,6,48
kubernetes/kubernetes#98847,3160109,1,1,kubernetes/kubernetes,2438,97714,15,973,108,568
kubernetes/kubernetes#115318,10427518,0,1,kubernetes/kubernetes,3155,113480,6,772,93,536
kubernetes/kubernetes#113160,1674947,1,1,kubernetes/kubernetes,3057,111294,575,814,3,536
kubernetes/kubernetes#93702,2434526,1,1,kubernetes/kubernetes,2252,93397,0,965,6,572
kubernetes/kubernetes#93702,2434526,1,1,kubernetes/kubernetes,2252,93397,0,965,6,572
kubernetes/kubernetes#113503,539589,1,1,kubernetes/kubernetes,3070,111579,92,894,126,541
kubernetes/kubernetes#77314,454187,1,0,kubernetes/kubernetes,1790,77924,128,1024,24,30
kubernetes/kubernetes#22772,88552,1,0,kubernetes/kubernetes,643,26420,17,338,230,3
kubernetes/kubernetes#36050,3240265,1,1,kubernetes/kubernetes,880,38441,1,609,109,347
kubernetes/kubernetes#88866,10107376,0,1,kubernetes/kubernetes,2099,89216,518,950,45,102
kubernetes/kubernetes#110747,11463114,1,0,kubernetes/kubernetes,2939,108951,9,741,42,430
kubernetes/kubernetes#43545,1714681,1,1,kubernetes/kubernetes,1020,45791,8,771,285,105
kubernetes/kubernetes#99519,4839881,1,1,kubernetes/kubernetes,2458,98354,0,1026,2,10
kubernetes/kubernetes#115749,777223,1,1,kubernetes/kubernetes,3175,113882,2,777,71,117
kubernetes/kubernetes#83498,1012094,1,1,kubernetes/kubernetes,1946,83932,57,1068,691,217
kubernetes/kubernetes#110294,1280848,1,1,kubernetes/kubernetes,2915,108563,3,726,106,225
kubernetes/kubernetes#32182,51402,1,0,kubernetes/kubernetes,824,35164,523,509,176,98
kubernetes/kubernetes#87863,91658603,0,1,kubernetes/kubernetes,2070,88165,0,954,67,156
kubernetes/kubernetes#32515,7166,1,0,kubernetes/kubernetes,829,35509,322,466,1,183
kubernetes/kubernetes#113916,9683249,1,0,kubernetes/kubernetes,3084,112193,15,833,56,63
kubernetes/kubernetes#54215,1950548,1,1,kubernetes/kubernetes,1231,56491,0,890,9,140
kubernetes/kubernetes#35805,4596344,1,1,kubernetes/kubernetes,875,38183,4,601,353,283
kubernetes/kubernetes#42546,34009585,0,0,kubernetes/kubernetes,1003,45072,0,586,4,20
kubernetes/kubernetes#4780,1122556,1,0,kubernetes/kubernetes,263,6600,9,90,36,41
kubernetes/kubernetes#57578,12440240,0,1,kubernetes/kubernetes,1296,59721,14,909,486,181
kubernetes/kubernetes#32275,11599,1,1,kubernetes/kubernetes,825,35256,586,517,38,79
kubernetes/kubernetes#73202,76688,1,1,kubernetes/kubernetes,1692,73876,985,990,15,0
kubernetes/kubernetes#104101,135082,0,0,kubernetes/kubernetes,2615,102729,51,1104,51,465
kubernetes/kubernetes#115363,1732767,1,1,kubernetes/kubernetes,3157,113534,121,762,25,536
kubernetes/kubernetes#23756,1139230,1,0,kubernetes/kubernetes,665,27219,422,385,39,26
kubernetes/kubernetes#110937,1899068,0,0,kubernetes/kubernetes,2950,109087,62,759,8,543
kubernetes/kubernetes#115471,321111,0,1,kubernetes/kubernetes,3163,113672,0,765,6,550
kubernetes/kubernetes#49142,4020583,1,1,kubernetes/kubernetes,1138,51573,0,749,485,81
kubernetes/kubernetes#105935,1366674,0,1,kubernetes/kubernetes,2700,104475,6,937,43,545
kubernetes/kubernetes#101960,1230459,1,0,kubernetes/kubernetes,2533,100681,80,1097,59,354
kubernetes/kubernetes#61592,21515296,0,1,kubernetes/kubernetes,1386,63474,0,1132,8,348
kubernetes/kubernetes#47579,718680,1,0,kubernetes/kubernetes,1105,50123,22,730,57,70
kubernetes/kubernetes#54144,102444,0,0,kubernetes/kubernetes,1230,56422,17,889,41,85
kubernetes/kubernetes#98262,11288370,0,1,kubernetes/kubernetes,2421,97203,3,935,0,53
kubernetes/kubernetes#77751,414810,1,1,kubernetes/kubernetes,1799,78376,1,1007,22,422
kubernetes/kubernetes#115399,6163143,1,1,kubernetes/kubernetes,3160,113560,0,766,10,599
kubernetes/kubernetes#111634,18973059,1,0,kubernetes/kubernetes,2979,109813,0,826,2,548
kubernetes/kubernetes#35806,683059,1,1,kubernetes/kubernetes,875,38184,1,601,1816,127
kubernetes/kubernetes#36492,397208,1,1,kubernetes/kubernetes,887,39033,2,588,36,76
kubernetes/kubernetes#55728,1130301,1,1,kubernetes/kubernetes,1257,57998,1,891,585,285
kubernetes/kubernetes#110193,16207339,0,1,kubernetes/kubernetes,2909,108440,0,712,64,563
kubernetes/kubernetes#106553,1027324,1,1,kubernetes/kubernetes,2723,105264,424,847,5,44
kubernetes/kubernetes#82100,1122671,0,0,kubernetes/kubernetes,1909,82725,23,1082,4,563
kubernetes/kubernetes#102275,1444191,0,1,kubernetes/kubernetes,2545,100998,3,1093,3313,359
kubernetes/kubernetes#44950,1615039,1,1,kubernetes/kubernetes,1055,47268,104,623,8,45
kubernetes/kubernetes#55026,2266202,1,1,kubernetes/kubernetes,1245,57301,99,894,27,182
kubernetes/kubernetes#89870,770031,1,1,kubernetes/kubernetes,2130,90063,0,944,7,554
kubernetes/kubernetes#31828,770282,1,0,kubernetes/kubernetes,817,34850,22,458,92,89
kubernetes/kubernetes#29284,586363,1,0,kubernetes/kubernetes,775,32345,122,442,53,7
kubernetes/kubernetes#67403,19898376,0,1,kubernetes/kubernetes,1530,68776,0,997,10,93
kubernetes/kubernetes#69878,1948621,1,1,kubernetes/kubernetes,1593,71057,1,972,621,358
kubernetes/kubernetes#99195,495637,1,1,kubernetes/kubernetes,2449,98066,68,991,14,121
kubernetes/kubernetes#85412,1276219,1,1,kubernetes/kubernetes,1991,85962,0,1058,15,207
kubernetes/kubernetes#89251,2164631,0,1,kubernetes/kubernetes,2113,89530,2,938,75,282
kubernetes/kubernetes#111620,172614,1,0,kubernetes/kubernetes,2979,109796,48,823,5736,495
kubernetes/kubernetes#64930,6980046,0,1,kubernetes/kubernetes,1463,66712,0,990,386,26
kubernetes/kubernetes#46743,657086,1,1,kubernetes/kubernetes,1091,49334,279,658,18,48
kubernetes/kubernetes#55218,5086302,1,0,kubernetes/kubernetes,1250,57515,23,867,123,198
kubernetes/kubernetes#51660,805143,1,1,kubernetes/kubernetes,1181,54167,2,817,65,185
kubernetes/kubernetes#75547,1116736,1,1,kubernetes/kubernetes,1749,76332,1,974,78,23
kubernetes/kubernetes#84335,1771981,1,1,kubernetes/kubernetes,1967,84780,22,1036,35,596
kubernetes/kubernetes#87455,302064,1,1,kubernetes/kubernetes,2056,87795,0,975,40,507
kubernetes/kubernetes#105159,229082,1,1,kubernetes/kubernetes,2664,103774,9,1003,51,549
kubernetes/kubernetes#34700,868523,0,0,kubernetes/kubernetes,860,37214,1,526,62,124
kubernetes/kubernetes#100540,21539,1,0,kubernetes/kubernetes,2483,99568,7,1067,3,144
kubernetes/kubernetes#102354,4695901,1,1,kubernetes/kubernetes,2546,101072,222,1093,330,0
kubernetes/kubernetes#61130,1295443,0,1,kubernetes/kubernetes,1376,63131,0,1167,6,226
kubernetes/kubernetes#8740,440953,1,0,kubernetes/kubernetes,351,11618,252,142,855,81
kubernetes/kubernetes#91145,1071456,1,1,kubernetes/kubernetes,2170,91127,19,939,57,552
kubernetes/kubernetes#113422,420637,1,1,kubernetes/kubernetes,3066,111508,4,882,85,42
kubernetes/kubernetes#80024,732483,1,1,kubernetes/kubernetes,1861,80625,5,1080,33,103
kubernetes/kubernetes#80176,612817,1,1,kubernetes/kubernetes,1865,80776,2,1075,94,30
kubernetes/kubernetes#96828,39970901,1,1,kubernetes/kubernetes,2363,96150,0,868,2,285
kubernetes/kubernetes#88615,349841,0,0,kubernetes/kubernetes,2092,88931,30,937,16,522
kubernetes/kubernetes#57262,1010958,0,0,kubernetes/kubernetes,1289,59329,28,989,24,247
kubernetes/kubernetes#113161,17991794,0,0,kubernetes/kubernetes,3057,111294,111,815,25,92
kubernetes/kubernetes#96907,318792,1,1,kubernetes/kubernetes,2366,96183,15,898,2,126
kubernetes/kubernetes#89883,21101168,0,1,kubernetes/kubernetes,2131,90066,0,947,4,248
kubernetes/kubernetes#57194,4737819,1,1,kubernetes/kubernetes,1287,59251,13,1013,353,116
kubernetes/kubernetes#67778,6020747,1,1,kubernetes/kubernetes,1539,69207,9,959,3,29
